id,amueblado,habitaciones,descripcionMenaje,tieneSeguro,descripcionSeguro
3805,1,6,Donec dapibus. Duis at velit eu est congue elementum. In hac habitasse platea dictumst.,1,
3559,1,9,Ut tellus. Nulla ut erat id mauris vulputate elementum. Nullam varius.,1,
3276,1,5,"Nunc nisl. Duis bibendum, felis sed interdum venenatis, turpis enim blandit mi, in porttitor pede justo eu massa. Donec dapibus.",1,
3072,0,3,Nullam molestie nibh in lectus. Pellentesque at nulla. Suspendisse potenti.,1,
3744,1,4,"In est risus, auctor sed, tristique in, tempus sit amet, sem.",1,
3791,0,6,Nullam sit amet turpis elementum ligula vehicula consequat. Morbi a ipsum. Integer a nibh.,0,""
3746,1,7,Proin risus. Praesent lectus.,0,""
3855,0,9,"Fusce lacus purus, aliquet at, feugiat non, pretium quis, lectus.",1,
3467,0,10,"Duis bibendum, felis sed interdum venenatis, turpis enim blandit mi, in porttitor pede justo eu massa.",1,
3307,1,4,Aenean auctor gravida sem. Praesent id massa id nisl venenatis lacinia.,1,
3575,0,2,Nulla ut erat id mauris vulputate elementum. Nullam varius.,0,""
3099,1,8,"Donec quis orci eget orci vehicula condimentum. Curabitur in libero ut massa volutpat convallis. Morbi odio odio, elementum eu, interdum eu, tincidunt in, leo.",1,
3541,0,7,Quisque id justo sit amet sapien dignissim vestibulum.,0,""
3220,0,2,Nam nulla.,0,""
3601,1,5,"Nunc nisl. Duis bibendum, felis sed interdum venenatis, turpis enim blandit mi, in porttitor pede justo eu massa.",1,
3131,0,9,In congue. Etiam justo. Etiam pretium iaculis justo.,0,""
3405,1,5,In eleifend quam a odio. In hac habitasse platea dictumst. Maecenas ut massa quis augue luctus tincidunt.,0,""
3226,0,9,Duis mattis egestas metus.,1,
3184,1,2,Morbi non quam nec dui luctus rutrum.,1,
3818,0,1,Donec posuere metus vitae ipsum. Aliquam non mauris. Morbi non lectus.,0,""
3621,0,2,In quis justo. Maecenas rhoncus aliquam lacus. Morbi quis tortor id nulla ultrices aliquet.,1,
3731,1,8,"Aliquam augue quam, sollicitudin vitae, consectetuer eget, rutrum at, lorem.",1,
3515,0,10,Morbi a ipsum. Integer a nibh.,1,
3023,1,1,Phasellus id sapien in sapien iaculis congue.,0,""
3869,1,2,Quisque ut erat. Curabitur gravida nisi at nibh.,1,
3383,0,2,"Proin at turpis a pede posuere nonummy. Integer non velit. Donec diam neque, vestibulum eget, vulputate ut, ultrices vel, augue.",1,
3358,1,3,Vivamus tortor.,1,
3547,0,6,"Duis bibendum, felis sed interdum venenatis, turpis enim blandit mi, in porttitor pede justo eu massa. Donec dapibus.",1,
3035,0,9,In congue. Etiam justo.,0,""
3860,1,8,In quis justo. Maecenas rhoncus aliquam lacus.,0,""
3808,0,2,Mauris lacinia sapien quis libero. Nullam sit amet turpis elementum ligula vehicula consequat.,1,
3475,1,4,Duis consequat dui nec nisi volutpat eleifend. Donec ut dolor. Morbi vel lectus in quam fringilla rhoncus.,1,
3603,1,5,Integer tincidunt ante vel ipsum.,0,""
3888,1,1,"Curabitur in libero ut massa volutpat convallis. Morbi odio odio, elementum eu, interdum eu, tincidunt in, leo. Maecenas pulvinar lobortis est.",0,""
3731,1,5,"Quisque porta volutpat erat. Quisque erat eros, viverra eget, congue eget, semper rutrum, nulla.",1,
3559,1,10,Aliquam non mauris.,0,""
3065,0,5,Phasellus sit amet erat. Nulla tempus.,1,
3746,1,8,"Duis ac nibh. Fusce lacus purus, aliquet at, feugiat non, pretium quis, lectus. Suspendisse potenti.",0,""
3519,0,2,Sed sagittis.,1,
3435,1,5,Vestibulum sed magna at nunc commodo placerat. Praesent blandit.,1,
3715,0,5,Etiam faucibus cursus urna. Ut tellus. Nulla ut erat id mauris vulputate elementum.,0,""
3589,1,5,Quisque id justo sit amet sapien dignissim vestibulum. Vestibulum ante ipsum primis in faucibus orci luctus et ultrices posuere cubilia Curae; Nulla dapibus dolor vel est.,1,
3221,1,5,Phasellus sit amet erat. Nulla tempus. Vivamus in felis eu sapien cursus vestibulum.,0,""
3634,0,10,"Integer aliquet, massa id lobortis convallis, tortor risus dapibus augue, vel accumsan tellus nisi eu orci. Mauris lacinia sapien quis libero. Nullam sit amet turpis elementum ligula vehicula consequat.",0,""
3052,1,2,Donec ut dolor.,1,
3983,0,2,Pellentesque viverra pede ac diam.,0,""
3384,0,6,"In blandit ultrices enim. Lorem ipsum dolor sit amet, consectetuer adipiscing elit.",1,
3909,1,7,Aenean fermentum.,1,
3216,0,3,Curabitur gravida nisi at nibh. In hac habitasse platea dictumst.,0,""
3262,0,2,"Maecenas leo odio, condimentum id, luctus nec, molestie sed, justo.",1,
3116,1,10,Aliquam quis turpis eget elit sodales scelerisque. Mauris sit amet eros. Suspendisse accumsan tortor quis turpis.,0,""
3008,0,2,Maecenas ut massa quis augue luctus tincidunt. Nulla mollis molestie lorem.,1,
3708,1,5,Integer tincidunt ante vel ipsum. Praesent blandit lacinia erat. Vestibulum sed magna at nunc commodo placerat.,1,
3389,0,8,"Quisque erat eros, viverra eget, congue eget, semper rutrum, nulla.",0,""
3326,0,10,"Morbi non lectus. Aliquam sit amet diam in magna bibendum imperdiet. Nullam orci pede, venenatis non, sodales sed, tincidunt eu, felis.",1,
3596,1,3,"In hac habitasse platea dictumst. Morbi vestibulum, velit id pretium iaculis, diam erat fermentum justo, nec condimentum neque sapien placerat ante. Nulla justo.",1,
3532,1,8,Pellentesque ultrices mattis odio. Donec vitae nisi.,0,""
3945,0,1,"Mauris ullamcorper purus sit amet nulla. Quisque arcu libero, rutrum ac, lobortis vel, dapibus at, diam.",1,
3261,1,4,Nullam varius.,0,""
3947,1,4,Vestibulum ante ipsum primis in faucibus orci luctus et ultrices posuere cubilia Curae; Duis faucibus accumsan odio. Curabitur convallis.,1,
3797,0,2,"Duis ac nibh. Fusce lacus purus, aliquet at, feugiat non, pretium quis, lectus.",1,
3131,1,4,"Lorem ipsum dolor sit amet, consectetuer adipiscing elit. Proin interdum mauris non ligula pellentesque ultrices. Phasellus id sapien in sapien iaculis congue.",0,""
3958,0,8,Donec posuere metus vitae ipsum. Aliquam non mauris.,1,
3717,0,8,Proin at turpis a pede posuere nonummy. Integer non velit.,1,
3377,1,10,"Fusce congue, diam id ornare imperdiet, sapien urna pretium nisl, ut volutpat sapien arcu sed augue. Aliquam erat volutpat.",1,
3418,0,7,Donec posuere metus vitae ipsum. Aliquam non mauris. Morbi non lectus.,1,
3009,0,7,Integer tincidunt ante vel ipsum. Praesent blandit lacinia erat. Vestibulum sed magna at nunc commodo placerat.,1,
3176,0,7,Nullam sit amet turpis elementum ligula vehicula consequat. Morbi a ipsum.,1,
3151,0,5,Aenean fermentum.,0,""
3872,0,6,Proin risus. Praesent lectus.,1,
3815,1,10,"Vivamus vestibulum sagittis sapien. Cum sociis natoque penatibus et magnis dis parturient montes, nascetur ridiculus mus. Etiam vel augue.",0,""
3197,1,3,Duis mattis egestas metus. Aenean fermentum.,1,
3373,0,8,"Morbi quis tortor id nulla ultrices aliquet. Maecenas leo odio, condimentum id, luctus nec, molestie sed, justo. Pellentesque viverra pede ac diam.",0,""
3282,1,6,Praesent lectus.,0,""
3206,1,6,Praesent id massa id nisl venenatis lacinia. Aenean sit amet justo.,1,
3565,0,9,Mauris sit amet eros. Suspendisse accumsan tortor quis turpis. Sed ante.,1,
3337,0,3,"Donec odio justo, sollicitudin ut, suscipit a, feugiat et, eros. Vestibulum ac est lacinia nisi venenatis tristique. Fusce congue, diam id ornare imperdiet, sapien urna pretium nisl, ut volutpat sapien arcu sed augue.",0,""
3579,0,1,In hac habitasse platea dictumst.,0,""
3061,1,4,Curabitur at ipsum ac tellus semper interdum. Mauris ullamcorper purus sit amet nulla.,1,
3406,1,5,Nullam porttitor lacus at turpis. Donec posuere metus vitae ipsum.,0,""
3095,0,1,Nunc purus. Phasellus in felis. Donec semper sapien a libero.,0,""
3364,0,3,Nulla suscipit ligula in lacus.,0,""
3615,0,6,Duis aliquam convallis nunc. Proin at turpis a pede posuere nonummy. Integer non velit.,0,""
3244,1,7,Nulla tellus. In sagittis dui vel nisl. Duis ac nibh.,0,""
3621,1,7,Cras non velit nec nisi vulputate nonummy. Maecenas tincidunt lacus at velit. Vivamus vel nulla eget eros elementum pellentesque.,1,
3699,0,6,Sed sagittis.,1,
3481,0,4,Integer a nibh.,0,""
3799,0,2,"Duis bibendum, felis sed interdum venenatis, turpis enim blandit mi, in porttitor pede justo eu massa. Donec dapibus. Duis at velit eu est congue elementum.",1,
3079,0,5,"Fusce posuere felis sed lacus. Morbi sem mauris, laoreet ut, rhoncus aliquet, pulvinar sed, nisl. Nunc rhoncus dui vel sem.",1,
3556,1,4,"Morbi vel lectus in quam fringilla rhoncus. Mauris enim leo, rhoncus sed, vestibulum sit amet, cursus id, turpis.",0,""
3112,1,2,Donec ut dolor. Morbi vel lectus in quam fringilla rhoncus.,0,""
3874,1,7,Etiam pretium iaculis justo. In hac habitasse platea dictumst. Etiam faucibus cursus urna.,1,
3170,0,7,"Maecenas tristique, est et tempus semper, est quam pharetra magna, ac consequat metus sapien ut nunc.",0,""
3271,1,6,"Morbi vestibulum, velit id pretium iaculis, diam erat fermentum justo, nec condimentum neque sapien placerat ante. Nulla justo.",1,
3656,0,3,Nam nulla.,1,
3896,0,7,"Cum sociis natoque penatibus et magnis dis parturient montes, nascetur ridiculus mus.",0,""
3975,0,2,"Maecenas leo odio, condimentum id, luctus nec, molestie sed, justo.",0,""
3028,1,5,Etiam pretium iaculis justo. In hac habitasse platea dictumst.,0,""
3894,1,4,Nam tristique tortor eu pede.,1,
3076,1,10,"Vestibulum quam sapien, varius ut, blandit non, interdum in, ante. Vestibulum ante ipsum primis in faucibus orci luctus et ultrices posuere cubilia Curae; Duis faucibus accumsan odio.",1,
3551,0,6,"In est risus, auctor sed, tristique in, tempus sit amet, sem.",1,
3490,1,10,In sagittis dui vel nisl.,0,""
3514,1,4,Ut at dolor quis odio consequat varius.,0,""
3591,1,4,"Donec ut mauris eget massa tempor convallis. Nulla neque libero, convallis eget, eleifend luctus, ultricies eu, nibh.",1,
3284,1,10,"Vivamus vel nulla eget eros elementum pellentesque. Quisque porta volutpat erat. Quisque erat eros, viverra eget, congue eget, semper rutrum, nulla.",0,""
3780,0,3,"In est risus, auctor sed, tristique in, tempus sit amet, sem. Fusce consequat. Nulla nisl.",1,
3706,0,8,"Quisque porta volutpat erat. Quisque erat eros, viverra eget, congue eget, semper rutrum, nulla.",1,
3246,0,6,"Maecenas tristique, est et tempus semper, est quam pharetra magna, ac consequat metus sapien ut nunc.",1,
3953,1,4,Praesent blandit lacinia erat. Vestibulum sed magna at nunc commodo placerat. Praesent blandit.,0,""
3250,0,8,"Donec diam neque, vestibulum eget, vulputate ut, ultrices vel, augue. Vestibulum ante ipsum primis in faucibus orci luctus et ultrices posuere cubilia Curae; Donec pharetra, magna vestibulum aliquet ultrices, erat tortor sollicitudin mi, sit amet lobortis sapien sapien non mi. Integer ac neque.",1,
3425,0,9,"Quisque erat eros, viverra eget, congue eget, semper rutrum, nulla. Nunc purus.",0,""
3915,1,1,"Maecenas rhoncus aliquam lacus. Morbi quis tortor id nulla ultrices aliquet. Maecenas leo odio, condimentum id, luctus nec, molestie sed, justo.",0,""
3082,0,9,Curabitur convallis. Duis consequat dui nec nisi volutpat eleifend. Donec ut dolor.,1,
3812,1,9,Etiam pretium iaculis justo.,0,""
3097,1,6,Nulla tellus. In sagittis dui vel nisl.,0,""
3741,0,3,"In est risus, auctor sed, tristique in, tempus sit amet, sem. Fusce consequat. Nulla nisl.",0,""
3155,1,4,In eleifend quam a odio.,1,
3632,1,6,Nullam sit amet turpis elementum ligula vehicula consequat. Morbi a ipsum. Integer a nibh.,0,""
3094,1,5,Aenean fermentum.,0,""
3212,0,8,"Quisque porta volutpat erat. Quisque erat eros, viverra eget, congue eget, semper rutrum, nulla.",0,""
3255,0,2,Aliquam non mauris. Morbi non lectus.,1,
3016,0,4,Nullam sit amet turpis elementum ligula vehicula consequat. Morbi a ipsum. Integer a nibh.,0,""
3975,0,2,Nulla justo.,0,""
3609,0,2,"Integer aliquet, massa id lobortis convallis, tortor risus dapibus augue, vel accumsan tellus nisi eu orci.",0,""
3174,1,5,Nulla ut erat id mauris vulputate elementum. Nullam varius.,1,
3095,0,5,Vestibulum rutrum rutrum neque. Aenean auctor gravida sem.,0,""
3408,1,10,Curabitur at ipsum ac tellus semper interdum.,0,""
3354,1,1,"Morbi ut odio. Cras mi pede, malesuada in, imperdiet et, commodo vulputate, justo.",0,""
3457,0,1,"Aenean fermentum. Donec ut mauris eget massa tempor convallis. Nulla neque libero, convallis eget, eleifend luctus, ultricies eu, nibh.",0,""
3223,1,8,"Morbi ut odio. Cras mi pede, malesuada in, imperdiet et, commodo vulputate, justo. In blandit ultrices enim.",0,""
3881,1,9,In hac habitasse platea dictumst. Etiam faucibus cursus urna. Ut tellus.,1,
3914,1,7,Maecenas tincidunt lacus at velit. Vivamus vel nulla eget eros elementum pellentesque.,0,""
3125,1,6,"Donec ut mauris eget massa tempor convallis. Nulla neque libero, convallis eget, eleifend luctus, ultricies eu, nibh. Quisque id justo sit amet sapien dignissim vestibulum.",0,""
3226,0,3,Mauris sit amet eros. Suspendisse accumsan tortor quis turpis.,0,""
3102,0,7,"Duis bibendum, felis sed interdum venenatis, turpis enim blandit mi, in porttitor pede justo eu massa. Donec dapibus. Duis at velit eu est congue elementum.",1,
3374,0,5,"Cras pellentesque volutpat dui. Maecenas tristique, est et tempus semper, est quam pharetra magna, ac consequat metus sapien ut nunc. Vestibulum ante ipsum primis in faucibus orci luctus et ultrices posuere cubilia Curae; Mauris viverra diam vitae quam.",0,""
3085,0,4,Nullam varius.,0,""
3176,0,7,"Cras mi pede, malesuada in, imperdiet et, commodo vulputate, justo.",0,""
3028,0,10,Curabitur convallis. Duis consequat dui nec nisi volutpat eleifend.,0,""
3810,1,7,Suspendisse potenti. In eleifend quam a odio. In hac habitasse platea dictumst.,1,
3471,0,8,"Donec odio justo, sollicitudin ut, suscipit a, feugiat et, eros. Vestibulum ac est lacinia nisi venenatis tristique. Fusce congue, diam id ornare imperdiet, sapien urna pretium nisl, ut volutpat sapien arcu sed augue.",0,""
3665,0,4,"Cras pellentesque volutpat dui. Maecenas tristique, est et tempus semper, est quam pharetra magna, ac consequat metus sapien ut nunc. Vestibulum ante ipsum primis in faucibus orci luctus et ultrices posuere cubilia Curae; Mauris viverra diam vitae quam.",1,
3992,1,6,Nulla facilisi.,1,
3668,1,3,Nulla facilisi. Cras non velit nec nisi vulputate nonummy. Maecenas tincidunt lacus at velit.,1,
3116,1,2,"Morbi odio odio, elementum eu, interdum eu, tincidunt in, leo. Maecenas pulvinar lobortis est. Phasellus sit amet erat.",1,
3788,1,3,Morbi a ipsum. Integer a nibh. In quis justo.,0,""
3602,1,1,Fusce consequat. Nulla nisl.,0,""
3419,1,8,"In tempor, turpis nec euismod scelerisque, quam turpis adipiscing lorem, vitae mattis nibh ligula nec sem. Duis aliquam convallis nunc.",1,
3898,1,5,Morbi ut odio.,1,
3461,1,10,"Nullam orci pede, venenatis non, sodales sed, tincidunt eu, felis. Fusce posuere felis sed lacus.",0,""
3128,1,5,Nullam sit amet turpis elementum ligula vehicula consequat.,0,""
3181,0,10,Donec ut dolor. Morbi vel lectus in quam fringilla rhoncus.,1,
3191,0,1,Pellentesque viverra pede ac diam.,0,""
3417,0,9,Nullam porttitor lacus at turpis. Donec posuere metus vitae ipsum.,1,
3511,1,5,Suspendisse potenti. In eleifend quam a odio.,1,
3863,0,7,"Integer aliquet, massa id lobortis convallis, tortor risus dapibus augue, vel accumsan tellus nisi eu orci. Mauris lacinia sapien quis libero.",0,""
3262,0,1,"Phasellus id sapien in sapien iaculis congue. Vivamus metus arcu, adipiscing molestie, hendrerit at, vulputate vitae, nisl. Aenean lectus.",1,
3705,0,10,Maecenas pulvinar lobortis est. Phasellus sit amet erat.,1,
3218,0,9,Integer ac leo. Pellentesque ultrices mattis odio. Donec vitae nisi.,0,""
3348,1,3,Duis aliquam convallis nunc. Proin at turpis a pede posuere nonummy.,1,
3822,1,7,"Fusce posuere felis sed lacus. Morbi sem mauris, laoreet ut, rhoncus aliquet, pulvinar sed, nisl.",0,""
3743,0,7,"Curabitur in libero ut massa volutpat convallis. Morbi odio odio, elementum eu, interdum eu, tincidunt in, leo.",0,""
3452,1,10,"In tempor, turpis nec euismod scelerisque, quam turpis adipiscing lorem, vitae mattis nibh ligula nec sem. Duis aliquam convallis nunc.",1,
3878,1,4,Vestibulum ante ipsum primis in faucibus orci luctus et ultrices posuere cubilia Curae; Mauris viverra diam vitae quam. Suspendisse potenti. Nullam porttitor lacus at turpis.,0,""
3744,1,7,Donec vitae nisi.,1,
3017,1,8,"Morbi non lectus. Aliquam sit amet diam in magna bibendum imperdiet. Nullam orci pede, venenatis non, sodales sed, tincidunt eu, felis.",1,
3231,0,9,"Morbi odio odio, elementum eu, interdum eu, tincidunt in, leo.",1,
3512,1,7,"Maecenas leo odio, condimentum id, luctus nec, molestie sed, justo. Pellentesque viverra pede ac diam. Cras pellentesque volutpat dui.",1,
3950,1,1,Mauris ullamcorper purus sit amet nulla.,0,""
3552,1,10,"Morbi sem mauris, laoreet ut, rhoncus aliquet, pulvinar sed, nisl. Nunc rhoncus dui vel sem. Sed sagittis.",0,""
3915,1,4,Donec ut mauris eget massa tempor convallis.,0,""
3478,1,1,Cras non velit nec nisi vulputate nonummy. Maecenas tincidunt lacus at velit. Vivamus vel nulla eget eros elementum pellentesque.,0,""
3417,0,4,"Donec ut mauris eget massa tempor convallis. Nulla neque libero, convallis eget, eleifend luctus, ultricies eu, nibh.",0,""
3601,1,9,Morbi quis tortor id nulla ultrices aliquet.,0,""
3902,1,7,"Praesent blandit. Nam nulla. Integer pede justo, lacinia eget, tincidunt eget, tempus vel, pede.",1,
3046,0,2,Duis consequat dui nec nisi volutpat eleifend. Donec ut dolor.,0,""
3626,0,3,Duis aliquam convallis nunc. Proin at turpis a pede posuere nonummy. Integer non velit.,0,""
3881,0,2,"Proin at turpis a pede posuere nonummy. Integer non velit. Donec diam neque, vestibulum eget, vulputate ut, ultrices vel, augue.",1,
3117,1,8,Donec ut dolor. Morbi vel lectus in quam fringilla rhoncus.,0,""
3837,1,9,Duis bibendum.,1,
3809,0,7,Nulla justo.,0,""
3084,0,6,Morbi a ipsum.,0,""
3454,0,1,"Cum sociis natoque penatibus et magnis dis parturient montes, nascetur ridiculus mus. Etiam vel augue.",1,
3945,0,7,Duis aliquam convallis nunc. Proin at turpis a pede posuere nonummy.,1,
3191,0,1,Nunc purus. Phasellus in felis.,1,
3193,0,8,Etiam pretium iaculis justo. In hac habitasse platea dictumst. Etiam faucibus cursus urna.,1,
3666,0,4,"Morbi odio odio, elementum eu, interdum eu, tincidunt in, leo. Maecenas pulvinar lobortis est.",1,
3350,1,2,"Vestibulum ante ipsum primis in faucibus orci luctus et ultrices posuere cubilia Curae; Nulla dapibus dolor vel est. Donec odio justo, sollicitudin ut, suscipit a, feugiat et, eros.",0,""
3185,0,10,Quisque porta volutpat erat.,0,""
3696,0,9,Praesent blandit lacinia erat. Vestibulum sed magna at nunc commodo placerat.,1,
3386,0,2,Morbi quis tortor id nulla ultrices aliquet.,0,""
3149,0,1,Maecenas pulvinar lobortis est.,0,""
3714,1,6,"Suspendisse potenti. Cras in purus eu magna vulputate luctus. Cum sociis natoque penatibus et magnis dis parturient montes, nascetur ridiculus mus.",1,
3079,0,2,"Vestibulum ante ipsum primis in faucibus orci luctus et ultrices posuere cubilia Curae; Donec pharetra, magna vestibulum aliquet ultrices, erat tortor sollicitudin mi, sit amet lobortis sapien sapien non mi. Integer ac neque. Duis bibendum.",0,""
3891,1,10,Nullam porttitor lacus at turpis. Donec posuere metus vitae ipsum.,0,""
3491,1,9,"Integer pede justo, lacinia eget, tincidunt eget, tempus vel, pede. Morbi porttitor lorem id ligula. Suspendisse ornare consequat lectus.",0,""
3780,0,5,Nulla tempus. Vivamus in felis eu sapien cursus vestibulum. Proin eu mi.,0,""
3535,0,2,Curabitur convallis. Duis consequat dui nec nisi volutpat eleifend. Donec ut dolor.,0,""
3330,1,7,Etiam faucibus cursus urna.,0,""
3639,1,4,In hac habitasse platea dictumst. Maecenas ut massa quis augue luctus tincidunt. Nulla mollis molestie lorem.,1,
3374,1,5,"Curabitur gravida nisi at nibh. In hac habitasse platea dictumst. Aliquam augue quam, sollicitudin vitae, consectetuer eget, rutrum at, lorem.",0,""
3077,0,7,"Suspendisse ornare consequat lectus. In est risus, auctor sed, tristique in, tempus sit amet, sem. Fusce consequat.",1,
3360,0,8,Sed accumsan felis. Ut at dolor quis odio consequat varius. Integer ac leo.,1,
3036,1,6,Ut tellus.,0,""
3461,0,5,Suspendisse potenti.,1,
3626,1,2,"Donec semper sapien a libero. Nam dui. Proin leo odio, porttitor id, consequat in, consequat ut, nulla.",0,""
3968,0,2,Phasellus in felis. Donec semper sapien a libero.,1,
3880,1,6,"Morbi quis tortor id nulla ultrices aliquet. Maecenas leo odio, condimentum id, luctus nec, molestie sed, justo. Pellentesque viverra pede ac diam.",1,
3531,0,6,Nulla tellus. In sagittis dui vel nisl.,0,""
3029,0,8,"Vestibulum ante ipsum primis in faucibus orci luctus et ultrices posuere cubilia Curae; Donec pharetra, magna vestibulum aliquet ultrices, erat tortor sollicitudin mi, sit amet lobortis sapien sapien non mi. Integer ac neque. Duis bibendum.",1,
3501,0,7,Cras pellentesque volutpat dui.,0,""
3670,0,4,Nulla suscipit ligula in lacus. Curabitur at ipsum ac tellus semper interdum. Mauris ullamcorper purus sit amet nulla.,0,""
3911,0,2,"In est risus, auctor sed, tristique in, tempus sit amet, sem. Fusce consequat.",0,""
3283,0,10,Phasellus sit amet erat. Nulla tempus.,0,""
3302,1,10,"Vestibulum ante ipsum primis in faucibus orci luctus et ultrices posuere cubilia Curae; Donec pharetra, magna vestibulum aliquet ultrices, erat tortor sollicitudin mi, sit amet lobortis sapien sapien non mi.",1,
3871,0,3,"Aliquam augue quam, sollicitudin vitae, consectetuer eget, rutrum at, lorem.",1,
3646,0,10,In congue. Etiam justo. Etiam pretium iaculis justo.,0,""
3506,1,6,"Fusce posuere felis sed lacus. Morbi sem mauris, laoreet ut, rhoncus aliquet, pulvinar sed, nisl.",1,
3144,1,9,Phasellus sit amet erat. Nulla tempus. Vivamus in felis eu sapien cursus vestibulum.,1,
3311,1,2,Maecenas pulvinar lobortis est.,0,""
3126,1,4,Nullam varius. Nulla facilisi. Cras non velit nec nisi vulputate nonummy.,1,
3925,0,4,"Cum sociis natoque penatibus et magnis dis parturient montes, nascetur ridiculus mus.",1,
3006,1,3,Ut at dolor quis odio consequat varius. Integer ac leo.,0,""
3207,1,2,Vivamus tortor. Duis mattis egestas metus. Aenean fermentum.,0,""
3063,0,10,"Lorem ipsum dolor sit amet, consectetuer adipiscing elit.",1,
3276,1,8,"In tempor, turpis nec euismod scelerisque, quam turpis adipiscing lorem, vitae mattis nibh ligula nec sem.",1,
3374,1,8,Maecenas tincidunt lacus at velit. Vivamus vel nulla eget eros elementum pellentesque.,0,""
3969,0,7,Aliquam erat volutpat. In congue. Etiam justo.,0,""
3360,1,2,Suspendisse potenti. Nullam porttitor lacus at turpis.,0,""
3507,0,10,Ut at dolor quis odio consequat varius.,1,
3072,0,10,"In blandit ultrices enim. Lorem ipsum dolor sit amet, consectetuer adipiscing elit. Proin interdum mauris non ligula pellentesque ultrices.",0,""
3673,1,10,Morbi porttitor lorem id ligula. Suspendisse ornare consequat lectus.,0,""
3619,0,8,In sagittis dui vel nisl. Duis ac nibh.,1,
3469,1,4,"Pellentesque viverra pede ac diam. Cras pellentesque volutpat dui. Maecenas tristique, est et tempus semper, est quam pharetra magna, ac consequat metus sapien ut nunc.",0,""
3167,1,7,"Maecenas leo odio, condimentum id, luctus nec, molestie sed, justo. Pellentesque viverra pede ac diam.",1,
3373,1,5,Donec posuere metus vitae ipsum.,0,""
3991,1,8,Duis at velit eu est congue elementum.,0,""
3803,0,1,Sed ante. Vivamus tortor. Duis mattis egestas metus.,0,""
3670,0,10,Suspendisse potenti.,1,
3537,1,1,"Morbi odio odio, elementum eu, interdum eu, tincidunt in, leo. Maecenas pulvinar lobortis est.",1,
3898,1,4,"Integer aliquet, massa id lobortis convallis, tortor risus dapibus augue, vel accumsan tellus nisi eu orci. Mauris lacinia sapien quis libero. Nullam sit amet turpis elementum ligula vehicula consequat.",1,
3179,0,3,Duis consequat dui nec nisi volutpat eleifend. Donec ut dolor.,1,
3725,1,4,Curabitur convallis. Duis consequat dui nec nisi volutpat eleifend.,0,""
3752,0,4,Fusce posuere felis sed lacus.,1,
3510,1,10,"Integer pede justo, lacinia eget, tincidunt eget, tempus vel, pede. Morbi porttitor lorem id ligula.",0,""
3724,1,2,Nullam molestie nibh in lectus. Pellentesque at nulla.,1,
3487,0,9,Sed accumsan felis. Ut at dolor quis odio consequat varius. Integer ac leo.,1,
3375,1,4,Aliquam erat volutpat.,0,""
3242,0,5,Morbi non lectus.,0,""
3523,0,3,Quisque ut erat. Curabitur gravida nisi at nibh.,1,
3525,0,2,Maecenas ut massa quis augue luctus tincidunt. Nulla mollis molestie lorem. Quisque ut erat.,0,""
3861,1,10,Nulla tellus. In sagittis dui vel nisl. Duis ac nibh.,1,
3543,0,10,"In hac habitasse platea dictumst. Morbi vestibulum, velit id pretium iaculis, diam erat fermentum justo, nec condimentum neque sapien placerat ante.",1,
3505,1,3,"Vivamus vestibulum sagittis sapien. Cum sociis natoque penatibus et magnis dis parturient montes, nascetur ridiculus mus. Etiam vel augue.",0,""
3325,1,3,Phasellus id sapien in sapien iaculis congue.,0,""
3970,1,9,Aliquam quis turpis eget elit sodales scelerisque. Mauris sit amet eros. Suspendisse accumsan tortor quis turpis.,0,""
3667,1,1,Vestibulum rutrum rutrum neque. Aenean auctor gravida sem.,1,
3248,0,4,"Morbi quis tortor id nulla ultrices aliquet. Maecenas leo odio, condimentum id, luctus nec, molestie sed, justo. Pellentesque viverra pede ac diam.",1,
3968,0,4,Morbi a ipsum.,0,""
3244,1,1,Aenean lectus. Pellentesque eget nunc.,0,""
3740,1,5,In hac habitasse platea dictumst. Etiam faucibus cursus urna. Ut tellus.,1,
3620,1,8,"Aenean sit amet justo. Morbi ut odio. Cras mi pede, malesuada in, imperdiet et, commodo vulputate, justo.",0,""
3919,0,8,Nullam varius. Nulla facilisi.,0,""
3792,1,4,Aenean sit amet justo. Morbi ut odio.,0,""
3895,0,5,Integer a nibh. In quis justo.,1,
3415,0,8,"Morbi quis tortor id nulla ultrices aliquet. Maecenas leo odio, condimentum id, luctus nec, molestie sed, justo. Pellentesque viverra pede ac diam.",1,
3141,0,4,Sed sagittis.,1,
3695,1,7,"Morbi non lectus. Aliquam sit amet diam in magna bibendum imperdiet. Nullam orci pede, venenatis non, sodales sed, tincidunt eu, felis.",0,""
3970,0,9,"Nunc rhoncus dui vel sem. Sed sagittis. Nam congue, risus semper porta volutpat, quam pede lobortis ligula, sit amet eleifend pede libero quis orci.",1,
3919,0,4,Etiam pretium iaculis justo. In hac habitasse platea dictumst. Etiam faucibus cursus urna.,0,""
3355,1,7,"Nulla neque libero, convallis eget, eleifend luctus, ultricies eu, nibh. Quisque id justo sit amet sapien dignissim vestibulum.",0,""
3195,1,8,"Maecenas tristique, est et tempus semper, est quam pharetra magna, ac consequat metus sapien ut nunc. Vestibulum ante ipsum primis in faucibus orci luctus et ultrices posuere cubilia Curae; Mauris viverra diam vitae quam. Suspendisse potenti.",0,""
3348,0,10,Proin at turpis a pede posuere nonummy.,1,
3926,0,7,Duis aliquam convallis nunc. Proin at turpis a pede posuere nonummy. Integer non velit.,0,""
3043,0,9,Vivamus tortor.,1,
3922,0,8,"Morbi ut odio. Cras mi pede, malesuada in, imperdiet et, commodo vulputate, justo. In blandit ultrices enim.",0,""
3155,0,2,Sed vel enim sit amet nunc viverra dapibus. Nulla suscipit ligula in lacus.,1,
3477,1,9,Pellentesque at nulla.,0,""
3191,0,10,Quisque ut erat. Curabitur gravida nisi at nibh.,1,
3674,1,3,Aliquam quis turpis eget elit sodales scelerisque.,0,""
3226,1,2,Curabitur convallis. Duis consequat dui nec nisi volutpat eleifend.,1,
3770,0,2,Aliquam erat volutpat. In congue.,1,
3335,0,2,Vestibulum rutrum rutrum neque.,1,
3244,0,6,Vestibulum ante ipsum primis in faucibus orci luctus et ultrices posuere cubilia Curae; Duis faucibus accumsan odio. Curabitur convallis. Duis consequat dui nec nisi volutpat eleifend.,0,""
3933,1,4,Vivamus in felis eu sapien cursus vestibulum. Proin eu mi. Nulla ac enim.,0,""
3964,0,6,"In blandit ultrices enim. Lorem ipsum dolor sit amet, consectetuer adipiscing elit.",0,""
3640,1,10,Sed accumsan felis. Ut at dolor quis odio consequat varius. Integer ac leo.,0,""
3058,0,9,In quis justo. Maecenas rhoncus aliquam lacus. Morbi quis tortor id nulla ultrices aliquet.,1,
3499,1,6,"Quisque erat eros, viverra eget, congue eget, semper rutrum, nulla.",1,
3448,0,8,"Mauris ullamcorper purus sit amet nulla. Quisque arcu libero, rutrum ac, lobortis vel, dapibus at, diam. Nam tristique tortor eu pede.",1,
3304,1,6,"Praesent lectus. Vestibulum quam sapien, varius ut, blandit non, interdum in, ante.",1,
3527,0,8,Sed accumsan felis. Ut at dolor quis odio consequat varius.,1,
3491,0,3,Proin at turpis a pede posuere nonummy. Integer non velit.,1,
3705,0,6,Aenean sit amet justo.,0,""
3284,1,2,"Duis ac nibh. Fusce lacus purus, aliquet at, feugiat non, pretium quis, lectus. Suspendisse potenti.",1,
3449,1,8,Aenean auctor gravida sem.,1,
3975,1,5,Aenean auctor gravida sem.,1,
3720,1,4,Sed ante. Vivamus tortor. Duis mattis egestas metus.,1,
3413,0,4,Nulla nisl. Nunc nisl.,0,""
3660,1,6,"Donec vitae nisi. Nam ultrices, libero non mattis pulvinar, nulla pede ullamcorper augue, a suscipit nulla elit ac nulla. Sed vel enim sit amet nunc viverra dapibus.",0,""
3912,0,5,Suspendisse accumsan tortor quis turpis. Sed ante. Vivamus tortor.,1,
3967,0,7,Maecenas pulvinar lobortis est. Phasellus sit amet erat. Nulla tempus.,1,
3483,0,10,"Donec ut mauris eget massa tempor convallis. Nulla neque libero, convallis eget, eleifend luctus, ultricies eu, nibh.",1,
3137,0,3,Duis bibendum.,1,
3588,0,9,Duis mattis egestas metus.,1,
3975,1,7,"Pellentesque ultrices mattis odio. Donec vitae nisi. Nam ultrices, libero non mattis pulvinar, nulla pede ullamcorper augue, a suscipit nulla elit ac nulla.",0,""
3055,0,7,"Suspendisse ornare consequat lectus. In est risus, auctor sed, tristique in, tempus sit amet, sem. Fusce consequat.",1,
3215,0,10,Praesent id massa id nisl venenatis lacinia. Aenean sit amet justo. Morbi ut odio.,1,
3333,0,3,Nullam molestie nibh in lectus.,1,
3697,0,2,Nunc rhoncus dui vel sem. Sed sagittis.,0,""
3048,0,1,"Cras mi pede, malesuada in, imperdiet et, commodo vulputate, justo.",1,
3290,0,10,Sed vel enim sit amet nunc viverra dapibus. Nulla suscipit ligula in lacus. Curabitur at ipsum ac tellus semper interdum.,1,
3328,1,2,"Fusce congue, diam id ornare imperdiet, sapien urna pretium nisl, ut volutpat sapien arcu sed augue. Aliquam erat volutpat.",0,""
3724,0,7,Aenean fermentum. Donec ut mauris eget massa tempor convallis.,1,
3956,1,8,Suspendisse accumsan tortor quis turpis.,0,""
3579,1,4,Integer ac neque. Duis bibendum.,0,""
3171,0,2,Maecenas ut massa quis augue luctus tincidunt. Nulla mollis molestie lorem. Quisque ut erat.,1,
3310,1,6,"In est risus, auctor sed, tristique in, tempus sit amet, sem. Fusce consequat. Nulla nisl.",0,""
3277,1,1,"Vivamus metus arcu, adipiscing molestie, hendrerit at, vulputate vitae, nisl.",0,""
3542,0,5,Etiam pretium iaculis justo.,1,
3826,0,4,Duis aliquam convallis nunc. Proin at turpis a pede posuere nonummy.,1,
3928,0,3,Phasellus in felis. Donec semper sapien a libero.,1,
3180,1,2,Nam tristique tortor eu pede.,0,""
3627,0,5,Fusce consequat. Nulla nisl. Nunc nisl.,0,""
3439,0,5,Donec dapibus.,0,""
3471,0,8,Vivamus in felis eu sapien cursus vestibulum. Proin eu mi. Nulla ac enim.,1,
3346,1,5,Quisque id justo sit amet sapien dignissim vestibulum. Vestibulum ante ipsum primis in faucibus orci luctus et ultrices posuere cubilia Curae; Nulla dapibus dolor vel est.,0,""
3886,0,3,"In hac habitasse platea dictumst. Aliquam augue quam, sollicitudin vitae, consectetuer eget, rutrum at, lorem. Integer tincidunt ante vel ipsum.",1,
3477,0,6,"Cum sociis natoque penatibus et magnis dis parturient montes, nascetur ridiculus mus. Vivamus vestibulum sagittis sapien. Cum sociis natoque penatibus et magnis dis parturient montes, nascetur ridiculus mus.",1,
3392,0,2,Donec quis orci eget orci vehicula condimentum.,0,""
3459,1,9,Fusce consequat.,0,""
3565,0,6,Integer tincidunt ante vel ipsum.,0,""
3547,1,4,"Curabitur gravida nisi at nibh. In hac habitasse platea dictumst. Aliquam augue quam, sollicitudin vitae, consectetuer eget, rutrum at, lorem.",0,""
3081,0,7,"In hac habitasse platea dictumst. Aliquam augue quam, sollicitudin vitae, consectetuer eget, rutrum at, lorem. Integer tincidunt ante vel ipsum.",1,
3366,0,4,"Integer aliquet, massa id lobortis convallis, tortor risus dapibus augue, vel accumsan tellus nisi eu orci. Mauris lacinia sapien quis libero.",0,""
3535,1,6,"Nulla ac enim. In tempor, turpis nec euismod scelerisque, quam turpis adipiscing lorem, vitae mattis nibh ligula nec sem.",1,
3578,1,9,Vivamus tortor. Duis mattis egestas metus.,1,
3213,0,7,Vestibulum ante ipsum primis in faucibus orci luctus et ultrices posuere cubilia Curae; Duis faucibus accumsan odio. Curabitur convallis. Duis consequat dui nec nisi volutpat eleifend.,1,
3418,1,10,Mauris sit amet eros. Suspendisse accumsan tortor quis turpis.,1,
3992,1,2,"Vestibulum quam sapien, varius ut, blandit non, interdum in, ante. Vestibulum ante ipsum primis in faucibus orci luctus et ultrices posuere cubilia Curae; Duis faucibus accumsan odio.",1,
3702,0,7,"Integer aliquet, massa id lobortis convallis, tortor risus dapibus augue, vel accumsan tellus nisi eu orci.",1,
3550,0,10,"Quisque porta volutpat erat. Quisque erat eros, viverra eget, congue eget, semper rutrum, nulla.",0,""
3655,1,4,"Quisque porta volutpat erat. Quisque erat eros, viverra eget, congue eget, semper rutrum, nulla. Nunc purus.",0,""
3214,0,9,Duis bibendum. Morbi non quam nec dui luctus rutrum. Nulla tellus.,0,""
3506,0,8,Curabitur at ipsum ac tellus semper interdum.,0,""
3554,0,7,"Praesent blandit. Nam nulla. Integer pede justo, lacinia eget, tincidunt eget, tempus vel, pede.",1,
3387,1,9,"Morbi sem mauris, laoreet ut, rhoncus aliquet, pulvinar sed, nisl. Nunc rhoncus dui vel sem.",0,""
3360,1,6,"Duis ac nibh. Fusce lacus purus, aliquet at, feugiat non, pretium quis, lectus.",0,""
3607,0,7,"Donec vitae nisi. Nam ultrices, libero non mattis pulvinar, nulla pede ullamcorper augue, a suscipit nulla elit ac nulla. Sed vel enim sit amet nunc viverra dapibus.",0,""
3333,0,5,Vivamus in felis eu sapien cursus vestibulum.,1,
3152,1,9,In eleifend quam a odio.,0,""
3014,1,1,"Quisque arcu libero, rutrum ac, lobortis vel, dapibus at, diam.",0,""
3535,0,3,"Suspendisse potenti. Cras in purus eu magna vulputate luctus. Cum sociis natoque penatibus et magnis dis parturient montes, nascetur ridiculus mus.",0,""
3450,1,9,In blandit ultrices enim.,0,""
3960,1,6,Nulla justo. Aliquam quis turpis eget elit sodales scelerisque. Mauris sit amet eros.,1,
3657,1,4,Etiam justo.,1,
3073,0,1,Praesent blandit lacinia erat.,0,""
3440,1,2,Vivamus tortor.,0,""
3736,0,1,"In est risus, auctor sed, tristique in, tempus sit amet, sem. Fusce consequat.",0,""
3375,0,2,Sed sagittis.,1,
3496,1,6,"Vestibulum ante ipsum primis in faucibus orci luctus et ultrices posuere cubilia Curae; Nulla dapibus dolor vel est. Donec odio justo, sollicitudin ut, suscipit a, feugiat et, eros. Vestibulum ac est lacinia nisi venenatis tristique.",0,""
3180,1,3,Vivamus tortor.,1,
3767,0,2,Nam dui.,0,""
3026,0,10,Morbi vel lectus in quam fringilla rhoncus.,0,""
3986,1,9,Integer ac neque.,1,
3965,1,7,"Donec ut mauris eget massa tempor convallis. Nulla neque libero, convallis eget, eleifend luctus, ultricies eu, nibh. Quisque id justo sit amet sapien dignissim vestibulum.",1,
3833,1,7,Aenean lectus. Pellentesque eget nunc.,1,
3293,0,4,Duis aliquam convallis nunc.,1,
3972,1,7,"Maecenas tristique, est et tempus semper, est quam pharetra magna, ac consequat metus sapien ut nunc. Vestibulum ante ipsum primis in faucibus orci luctus et ultrices posuere cubilia Curae; Mauris viverra diam vitae quam. Suspendisse potenti.",0,""
3167,0,7,Etiam vel augue.,0,""
3554,0,8,Vestibulum sed magna at nunc commodo placerat. Praesent blandit. Nam nulla.,1,
3230,1,9,"Donec odio justo, sollicitudin ut, suscipit a, feugiat et, eros. Vestibulum ac est lacinia nisi venenatis tristique. Fusce congue, diam id ornare imperdiet, sapien urna pretium nisl, ut volutpat sapien arcu sed augue.",0,""
3487,0,5,"Vestibulum ac est lacinia nisi venenatis tristique. Fusce congue, diam id ornare imperdiet, sapien urna pretium nisl, ut volutpat sapien arcu sed augue.",0,""
3896,0,8,Integer ac leo. Pellentesque ultrices mattis odio.,1,
3135,1,10,Curabitur at ipsum ac tellus semper interdum. Mauris ullamcorper purus sit amet nulla.,1,
3298,0,9,Nullam porttitor lacus at turpis. Donec posuere metus vitae ipsum.,0,""
3577,1,2,"Maecenas tristique, est et tempus semper, est quam pharetra magna, ac consequat metus sapien ut nunc.",0,""
3279,1,4,"Curabitur at ipsum ac tellus semper interdum. Mauris ullamcorper purus sit amet nulla. Quisque arcu libero, rutrum ac, lobortis vel, dapibus at, diam.",1,
3548,1,6,Nulla nisl.,1,
3452,0,8,Cras non velit nec nisi vulputate nonummy. Maecenas tincidunt lacus at velit. Vivamus vel nulla eget eros elementum pellentesque.,0,""
3793,0,1,Morbi ut odio.,0,""
3117,1,10,"Lorem ipsum dolor sit amet, consectetuer adipiscing elit. Proin interdum mauris non ligula pellentesque ultrices.",1,
3664,0,7,Vestibulum rutrum rutrum neque. Aenean auctor gravida sem. Praesent id massa id nisl venenatis lacinia.,0,""
3677,1,7,"Vestibulum ac est lacinia nisi venenatis tristique. Fusce congue, diam id ornare imperdiet, sapien urna pretium nisl, ut volutpat sapien arcu sed augue. Aliquam erat volutpat.",0,""
3918,1,7,"Phasellus id sapien in sapien iaculis congue. Vivamus metus arcu, adipiscing molestie, hendrerit at, vulputate vitae, nisl.",1,
3166,0,3,"Integer aliquet, massa id lobortis convallis, tortor risus dapibus augue, vel accumsan tellus nisi eu orci. Mauris lacinia sapien quis libero. Nullam sit amet turpis elementum ligula vehicula consequat.",0,""
3860,0,9,"Nullam orci pede, venenatis non, sodales sed, tincidunt eu, felis.",1,
3799,1,9,Integer tincidunt ante vel ipsum.,0,""
3608,0,7,Duis ac nibh.,0,""
3567,0,3,"Vestibulum ante ipsum primis in faucibus orci luctus et ultrices posuere cubilia Curae; Donec pharetra, magna vestibulum aliquet ultrices, erat tortor sollicitudin mi, sit amet lobortis sapien sapien non mi. Integer ac neque.",1,
3014,0,5,Nullam molestie nibh in lectus. Pellentesque at nulla.,0,""
3317,1,3,"Nullam orci pede, venenatis non, sodales sed, tincidunt eu, felis. Fusce posuere felis sed lacus.",1,
3012,1,7,Mauris sit amet eros. Suspendisse accumsan tortor quis turpis. Sed ante.,0,""
3702,1,2,"Nam nulla. Integer pede justo, lacinia eget, tincidunt eget, tempus vel, pede.",1,
3459,1,9,"Cum sociis natoque penatibus et magnis dis parturient montes, nascetur ridiculus mus. Vivamus vestibulum sagittis sapien.",1,
3347,1,2,Proin risus.,1,
3857,0,9,"Nam congue, risus semper porta volutpat, quam pede lobortis ligula, sit amet eleifend pede libero quis orci. Nullam molestie nibh in lectus.",0,""
3012,0,4,Aenean sit amet justo. Morbi ut odio.,1,
3879,1,10,"Maecenas tristique, est et tempus semper, est quam pharetra magna, ac consequat metus sapien ut nunc.",0,""
3057,0,6,"Mauris enim leo, rhoncus sed, vestibulum sit amet, cursus id, turpis.",1,
3649,1,8,"Phasellus id sapien in sapien iaculis congue. Vivamus metus arcu, adipiscing molestie, hendrerit at, vulputate vitae, nisl. Aenean lectus.",1,
3640,0,8,"Quisque porta volutpat erat. Quisque erat eros, viverra eget, congue eget, semper rutrum, nulla.",1,
3761,0,3,In eleifend quam a odio. In hac habitasse platea dictumst.,0,""
3645,1,5,"Nulla neque libero, convallis eget, eleifend luctus, ultricies eu, nibh. Quisque id justo sit amet sapien dignissim vestibulum.",1,
3757,0,2,Mauris sit amet eros. Suspendisse accumsan tortor quis turpis. Sed ante.,1,
3044,0,7,Curabitur convallis. Duis consequat dui nec nisi volutpat eleifend.,0,""
3508,1,1,Aenean sit amet justo. Morbi ut odio.,0,""
3193,0,7,"Donec diam neque, vestibulum eget, vulputate ut, ultrices vel, augue. Vestibulum ante ipsum primis in faucibus orci luctus et ultrices posuere cubilia Curae; Donec pharetra, magna vestibulum aliquet ultrices, erat tortor sollicitudin mi, sit amet lobortis sapien sapien non mi.",0,""
3360,0,5,Cras pellentesque volutpat dui.,1,
3806,0,4,"Mauris enim leo, rhoncus sed, vestibulum sit amet, cursus id, turpis. Integer aliquet, massa id lobortis convallis, tortor risus dapibus augue, vel accumsan tellus nisi eu orci. Mauris lacinia sapien quis libero.",1,
3659,1,10,Quisque id justo sit amet sapien dignissim vestibulum. Vestibulum ante ipsum primis in faucibus orci luctus et ultrices posuere cubilia Curae; Nulla dapibus dolor vel est.,0,""
3337,1,9,Suspendisse potenti. In eleifend quam a odio. In hac habitasse platea dictumst.,0,""
3654,1,1,"Morbi ut odio. Cras mi pede, malesuada in, imperdiet et, commodo vulputate, justo.",0,""
3315,0,10,"Pellentesque ultrices mattis odio. Donec vitae nisi. Nam ultrices, libero non mattis pulvinar, nulla pede ullamcorper augue, a suscipit nulla elit ac nulla.",0,""
3097,1,10,Suspendisse accumsan tortor quis turpis. Sed ante. Vivamus tortor.,0,""
3431,0,5,Praesent blandit. Nam nulla.,0,""
3021,1,7,Suspendisse potenti.,1,
3845,0,1,Curabitur convallis.,1,
3681,0,9,Maecenas rhoncus aliquam lacus. Morbi quis tortor id nulla ultrices aliquet.,0,""
3147,0,9,"Vestibulum ac est lacinia nisi venenatis tristique. Fusce congue, diam id ornare imperdiet, sapien urna pretium nisl, ut volutpat sapien arcu sed augue. Aliquam erat volutpat.",1,
3287,1,1,Vestibulum ante ipsum primis in faucibus orci luctus et ultrices posuere cubilia Curae; Mauris viverra diam vitae quam. Suspendisse potenti. Nullam porttitor lacus at turpis.,1,
3909,0,4,Nulla tempus. Vivamus in felis eu sapien cursus vestibulum.,1,
3060,1,5,Suspendisse potenti.,0,""
3965,0,4,Ut tellus.,0,""
3241,0,5,"Duis bibendum, felis sed interdum venenatis, turpis enim blandit mi, in porttitor pede justo eu massa. Donec dapibus.",0,""
3380,1,10,"Lorem ipsum dolor sit amet, consectetuer adipiscing elit.",1,
3667,1,3,Morbi non quam nec dui luctus rutrum. Nulla tellus.,1,
3351,0,2,Aenean fermentum. Donec ut mauris eget massa tempor convallis.,0,""
3171,1,6,"Morbi vel lectus in quam fringilla rhoncus. Mauris enim leo, rhoncus sed, vestibulum sit amet, cursus id, turpis. Integer aliquet, massa id lobortis convallis, tortor risus dapibus augue, vel accumsan tellus nisi eu orci.",0,""
3973,1,6,"Quisque arcu libero, rutrum ac, lobortis vel, dapibus at, diam. Nam tristique tortor eu pede.",0,""
3018,1,2,Phasellus in felis.,0,""
3896,0,8,"Vivamus vestibulum sagittis sapien. Cum sociis natoque penatibus et magnis dis parturient montes, nascetur ridiculus mus.",1,
3898,0,8,Aliquam non mauris.,1,
3397,1,1,Nulla tellus. In sagittis dui vel nisl.,1,
3728,1,7,Fusce consequat. Nulla nisl.,1,
3714,1,7,"Nulla neque libero, convallis eget, eleifend luctus, ultricies eu, nibh. Quisque id justo sit amet sapien dignissim vestibulum. Vestibulum ante ipsum primis in faucibus orci luctus et ultrices posuere cubilia Curae; Nulla dapibus dolor vel est.",0,""
3759,1,9,Nullam porttitor lacus at turpis. Donec posuere metus vitae ipsum. Aliquam non mauris.,1,
3569,1,8,Maecenas tincidunt lacus at velit. Vivamus vel nulla eget eros elementum pellentesque. Quisque porta volutpat erat.,0,""
3845,1,9,Curabitur at ipsum ac tellus semper interdum.,1,
3311,0,9,"Quisque porta volutpat erat. Quisque erat eros, viverra eget, congue eget, semper rutrum, nulla. Nunc purus.",0,""
3793,1,7,Donec semper sapien a libero. Nam dui.,0,""
3710,0,6,Etiam faucibus cursus urna. Ut tellus. Nulla ut erat id mauris vulputate elementum.,1,
3420,0,1,"Mauris enim leo, rhoncus sed, vestibulum sit amet, cursus id, turpis. Integer aliquet, massa id lobortis convallis, tortor risus dapibus augue, vel accumsan tellus nisi eu orci.",0,""
3991,0,9,"Sed sagittis. Nam congue, risus semper porta volutpat, quam pede lobortis ligula, sit amet eleifend pede libero quis orci. Nullam molestie nibh in lectus.",1,
3275,0,6,Donec ut dolor. Morbi vel lectus in quam fringilla rhoncus.,1,
3079,0,7,Suspendisse potenti.,0,""
3459,0,3,Phasellus in felis. Donec semper sapien a libero.,1,
3951,1,2,Etiam pretium iaculis justo. In hac habitasse platea dictumst.,1,
3261,1,3,"Proin leo odio, porttitor id, consequat in, consequat ut, nulla. Sed accumsan felis. Ut at dolor quis odio consequat varius.",0,""
3407,1,7,"Fusce lacus purus, aliquet at, feugiat non, pretium quis, lectus. Suspendisse potenti.",0,""
3672,1,2,Praesent lectus.,0,""
3695,0,6,"Sed sagittis. Nam congue, risus semper porta volutpat, quam pede lobortis ligula, sit amet eleifend pede libero quis orci.",0,""
3529,0,10,Nullam porttitor lacus at turpis. Donec posuere metus vitae ipsum. Aliquam non mauris.,1,
3219,1,2,Nullam molestie nibh in lectus.,0,""
3656,0,2,Integer a nibh. In quis justo.,1,
3235,0,6,Integer a nibh. In quis justo. Maecenas rhoncus aliquam lacus.,1,
3116,1,10,"Cras in purus eu magna vulputate luctus. Cum sociis natoque penatibus et magnis dis parturient montes, nascetur ridiculus mus. Vivamus vestibulum sagittis sapien.",0,""
3793,0,8,"Fusce posuere felis sed lacus. Morbi sem mauris, laoreet ut, rhoncus aliquet, pulvinar sed, nisl.",0,""
3970,1,9,"Vivamus vestibulum sagittis sapien. Cum sociis natoque penatibus et magnis dis parturient montes, nascetur ridiculus mus. Etiam vel augue.",1,
3046,0,8,Duis aliquam convallis nunc. Proin at turpis a pede posuere nonummy.,1,
3719,1,6,"Vivamus vestibulum sagittis sapien. Cum sociis natoque penatibus et magnis dis parturient montes, nascetur ridiculus mus.",0,""
3726,1,2,Nulla tellus. In sagittis dui vel nisl.,1,
3442,1,5,"Nullam orci pede, venenatis non, sodales sed, tincidunt eu, felis. Fusce posuere felis sed lacus.",0,""
3871,1,8,Donec quis orci eget orci vehicula condimentum. Curabitur in libero ut massa volutpat convallis.,1,
3945,1,2,Mauris lacinia sapien quis libero.,1,
3578,0,9,Morbi non lectus. Aliquam sit amet diam in magna bibendum imperdiet.,1,
3852,1,4,Suspendisse potenti.,0,""
3975,0,10,Nulla tempus. Vivamus in felis eu sapien cursus vestibulum. Proin eu mi.,0,""
3742,1,9,Fusce consequat. Nulla nisl. Nunc nisl.,1,
3028,0,9,Proin risus.,1,
3054,1,6,Curabitur gravida nisi at nibh. In hac habitasse platea dictumst.,1,
3008,0,4,Curabitur gravida nisi at nibh.,1,
3419,1,3,Etiam pretium iaculis justo.,1,
3557,0,7,Nullam varius. Nulla facilisi.,1,
3369,0,4,Aliquam quis turpis eget elit sodales scelerisque. Mauris sit amet eros.,1,
3730,1,1,"Morbi vestibulum, velit id pretium iaculis, diam erat fermentum justo, nec condimentum neque sapien placerat ante. Nulla justo.",0,""
3265,0,2,"Praesent blandit. Nam nulla. Integer pede justo, lacinia eget, tincidunt eget, tempus vel, pede.",1,
3003,1,10,"Duis ac nibh. Fusce lacus purus, aliquet at, feugiat non, pretium quis, lectus.",1,
3844,0,5,Morbi non quam nec dui luctus rutrum.,0,""
3196,0,1,Sed vel enim sit amet nunc viverra dapibus. Nulla suscipit ligula in lacus. Curabitur at ipsum ac tellus semper interdum.,1,
3641,1,7,"Quisque id justo sit amet sapien dignissim vestibulum. Vestibulum ante ipsum primis in faucibus orci luctus et ultrices posuere cubilia Curae; Nulla dapibus dolor vel est. Donec odio justo, sollicitudin ut, suscipit a, feugiat et, eros.",0,""
3819,1,5,In eleifend quam a odio. In hac habitasse platea dictumst. Maecenas ut massa quis augue luctus tincidunt.,0,""
3493,0,7,"In hac habitasse platea dictumst. Aliquam augue quam, sollicitudin vitae, consectetuer eget, rutrum at, lorem. Integer tincidunt ante vel ipsum.",0,""
3720,0,2,"Morbi sem mauris, laoreet ut, rhoncus aliquet, pulvinar sed, nisl. Nunc rhoncus dui vel sem.",1,
3270,1,7,"Mauris ullamcorper purus sit amet nulla. Quisque arcu libero, rutrum ac, lobortis vel, dapibus at, diam.",0,""
3153,0,1,Pellentesque eget nunc.,0,""
3089,0,3,Quisque ut erat.,1,
3984,1,8,Vestibulum sed magna at nunc commodo placerat.,1,
3910,0,1,"Aenean fermentum. Donec ut mauris eget massa tempor convallis. Nulla neque libero, convallis eget, eleifend luctus, ultricies eu, nibh.",0,""
3410,0,7,"Quisque arcu libero, rutrum ac, lobortis vel, dapibus at, diam.",0,""
3422,1,6,Nam dui.,1,
3902,0,7,Fusce consequat.,0,""
3635,0,6,"Vestibulum ante ipsum primis in faucibus orci luctus et ultrices posuere cubilia Curae; Nulla dapibus dolor vel est. Donec odio justo, sollicitudin ut, suscipit a, feugiat et, eros.",1,
3755,1,1,Sed ante. Vivamus tortor. Duis mattis egestas metus.,1,
3413,0,8,Morbi non lectus. Aliquam sit amet diam in magna bibendum imperdiet.,1,
3734,0,8,"Aenean sit amet justo. Morbi ut odio. Cras mi pede, malesuada in, imperdiet et, commodo vulputate, justo.",1,
3024,0,3,Etiam justo. Etiam pretium iaculis justo.,1,
3946,0,10,"Nullam orci pede, venenatis non, sodales sed, tincidunt eu, felis. Fusce posuere felis sed lacus.",0,""
3025,0,5,Aliquam non mauris. Morbi non lectus. Aliquam sit amet diam in magna bibendum imperdiet.,0,""
3331,1,8,Integer ac leo. Pellentesque ultrices mattis odio. Donec vitae nisi.,0,""
3916,0,4,Pellentesque eget nunc.,1,
3212,0,5,Morbi a ipsum. Integer a nibh.,1,
3817,1,3,"Cras mi pede, malesuada in, imperdiet et, commodo vulputate, justo. In blandit ultrices enim. Lorem ipsum dolor sit amet, consectetuer adipiscing elit.",1,
3218,0,3,Suspendisse potenti.,0,""
3293,1,8,Vivamus tortor. Duis mattis egestas metus.,0,""
3539,1,7,"Fusce lacus purus, aliquet at, feugiat non, pretium quis, lectus. Suspendisse potenti. In eleifend quam a odio.",0,""
3266,0,2,"Maecenas tristique, est et tempus semper, est quam pharetra magna, ac consequat metus sapien ut nunc. Vestibulum ante ipsum primis in faucibus orci luctus et ultrices posuere cubilia Curae; Mauris viverra diam vitae quam. Suspendisse potenti.",1,
3942,0,5,"Cras in purus eu magna vulputate luctus. Cum sociis natoque penatibus et magnis dis parturient montes, nascetur ridiculus mus. Vivamus vestibulum sagittis sapien.",1,
3087,1,9,Etiam justo.,0,""
3026,0,5,Duis consequat dui nec nisi volutpat eleifend. Donec ut dolor.,0,""
3424,0,2,Nullam sit amet turpis elementum ligula vehicula consequat. Morbi a ipsum. Integer a nibh.,0,""
3005,0,5,"Morbi ut odio. Cras mi pede, malesuada in, imperdiet et, commodo vulputate, justo.",1,
3808,1,8,"Morbi ut odio. Cras mi pede, malesuada in, imperdiet et, commodo vulputate, justo.",0,""
3630,1,5,Nulla tellus.,0,""
3861,0,5,"Morbi quis tortor id nulla ultrices aliquet. Maecenas leo odio, condimentum id, luctus nec, molestie sed, justo. Pellentesque viverra pede ac diam.",0,""
3602,0,7,Cras pellentesque volutpat dui.,0,""
3853,0,2,Praesent id massa id nisl venenatis lacinia. Aenean sit amet justo. Morbi ut odio.,1,
3142,0,3,Nulla tempus. Vivamus in felis eu sapien cursus vestibulum.,1,
3962,1,6,"Nam dui. Proin leo odio, porttitor id, consequat in, consequat ut, nulla.",0,""
3861,1,9,Etiam pretium iaculis justo. In hac habitasse platea dictumst.,0,""
3037,0,2,Cras non velit nec nisi vulputate nonummy. Maecenas tincidunt lacus at velit. Vivamus vel nulla eget eros elementum pellentesque.,1,
3204,1,8,"Donec odio justo, sollicitudin ut, suscipit a, feugiat et, eros.",0,""
3689,1,2,Nunc nisl.,0,""
3271,0,1,Nam nulla.,0,""
3694,0,3,"Aenean sit amet justo. Morbi ut odio. Cras mi pede, malesuada in, imperdiet et, commodo vulputate, justo.",0,""
3384,0,5,Suspendisse potenti.,1,
3157,1,1,Nunc purus. Phasellus in felis.,1,
3133,0,10,"Integer pede justo, lacinia eget, tincidunt eget, tempus vel, pede. Morbi porttitor lorem id ligula.",0,""
3719,0,10,Vestibulum ac est lacinia nisi venenatis tristique.,0,""
3466,0,9,In hac habitasse platea dictumst. Maecenas ut massa quis augue luctus tincidunt.,1,
3596,0,7,"Aliquam augue quam, sollicitudin vitae, consectetuer eget, rutrum at, lorem. Integer tincidunt ante vel ipsum.",1,
3582,1,6,"Maecenas tristique, est et tempus semper, est quam pharetra magna, ac consequat metus sapien ut nunc. Vestibulum ante ipsum primis in faucibus orci luctus et ultrices posuere cubilia Curae; Mauris viverra diam vitae quam. Suspendisse potenti.",0,""
3989,1,5,"Proin at turpis a pede posuere nonummy. Integer non velit. Donec diam neque, vestibulum eget, vulputate ut, ultrices vel, augue.",0,""
3807,1,1,"Proin leo odio, porttitor id, consequat in, consequat ut, nulla. Sed accumsan felis. Ut at dolor quis odio consequat varius.",0,""
3705,0,1,In hac habitasse platea dictumst. Etiam faucibus cursus urna.,0,""
3805,1,1,"Morbi ut odio. Cras mi pede, malesuada in, imperdiet et, commodo vulputate, justo. In blandit ultrices enim.",0,""
3046,1,1,Quisque ut erat. Curabitur gravida nisi at nibh. In hac habitasse platea dictumst.,0,""
3773,0,7,Integer a nibh. In quis justo. Maecenas rhoncus aliquam lacus.,0,""
3236,0,1,Duis aliquam convallis nunc. Proin at turpis a pede posuere nonummy. Integer non velit.,1,
3162,0,10,Praesent blandit.,0,""
3530,0,5,"Quisque arcu libero, rutrum ac, lobortis vel, dapibus at, diam.",1,
3404,1,2,Nullam porttitor lacus at turpis. Donec posuere metus vitae ipsum.,1,
3047,1,6,Nulla facilisi. Cras non velit nec nisi vulputate nonummy.,0,""
3527,1,9,Aliquam non mauris. Morbi non lectus.,0,""
3294,0,3,Donec dapibus. Duis at velit eu est congue elementum. In hac habitasse platea dictumst.,0,""
3652,1,2,Integer ac neque. Duis bibendum.,0,""
3013,0,4,Integer ac neque.,1,
3986,0,7,Suspendisse potenti. Cras in purus eu magna vulputate luctus.,0,""
3624,1,7,Phasellus sit amet erat. Nulla tempus.,0,""
3647,1,5,Integer a nibh.,1,
3776,0,7,Nulla tellus. In sagittis dui vel nisl. Duis ac nibh.,0,""
3166,0,9,"Quisque arcu libero, rutrum ac, lobortis vel, dapibus at, diam.",0,""
3424,1,4,"Fusce lacus purus, aliquet at, feugiat non, pretium quis, lectus. Suspendisse potenti.",0,""
3182,1,2,Donec posuere metus vitae ipsum. Aliquam non mauris.,0,""
3033,1,10,Nulla tellus. In sagittis dui vel nisl. Duis ac nibh.,1,
3636,1,5,Sed vel enim sit amet nunc viverra dapibus. Nulla suscipit ligula in lacus.,1,
3289,0,9,Aenean fermentum. Donec ut mauris eget massa tempor convallis.,1,
3892,1,9,"Lorem ipsum dolor sit amet, consectetuer adipiscing elit.",1,
3239,0,7,Praesent id massa id nisl venenatis lacinia.,0,""
3424,0,9,Sed accumsan felis. Ut at dolor quis odio consequat varius.,1,
3159,1,8,Etiam justo.,1,
3301,1,2,"Cum sociis natoque penatibus et magnis dis parturient montes, nascetur ridiculus mus. Vivamus vestibulum sagittis sapien. Cum sociis natoque penatibus et magnis dis parturient montes, nascetur ridiculus mus.",0,""
3173,1,6,"Vestibulum ante ipsum primis in faucibus orci luctus et ultrices posuere cubilia Curae; Donec pharetra, magna vestibulum aliquet ultrices, erat tortor sollicitudin mi, sit amet lobortis sapien sapien non mi.",1,
3306,0,1,"Nam dui. Proin leo odio, porttitor id, consequat in, consequat ut, nulla.",0,""
3595,0,1,"Quisque arcu libero, rutrum ac, lobortis vel, dapibus at, diam.",0,""
3415,0,1,Mauris sit amet eros. Suspendisse accumsan tortor quis turpis. Sed ante.,0,""
3724,0,1,Nulla tellus. In sagittis dui vel nisl.,0,""
3072,0,4,"Phasellus id sapien in sapien iaculis congue. Vivamus metus arcu, adipiscing molestie, hendrerit at, vulputate vitae, nisl.",0,""
3189,0,10,In hac habitasse platea dictumst.,1,
3256,1,4,Nulla justo. Aliquam quis turpis eget elit sodales scelerisque. Mauris sit amet eros.,0,""
3257,0,5,Sed ante. Vivamus tortor. Duis mattis egestas metus.,0,""
3833,1,6,Praesent blandit lacinia erat. Vestibulum sed magna at nunc commodo placerat.,0,""
3186,0,8,Maecenas ut massa quis augue luctus tincidunt. Nulla mollis molestie lorem.,1,
3522,0,2,"Maecenas leo odio, condimentum id, luctus nec, molestie sed, justo. Pellentesque viverra pede ac diam. Cras pellentesque volutpat dui.",1,
3672,0,10,"Aliquam augue quam, sollicitudin vitae, consectetuer eget, rutrum at, lorem. Integer tincidunt ante vel ipsum.",1,
3772,1,10,Praesent id massa id nisl venenatis lacinia. Aenean sit amet justo. Morbi ut odio.,1,
3022,1,6,Mauris sit amet eros.,0,""
3802,0,9,"Pellentesque ultrices mattis odio. Donec vitae nisi. Nam ultrices, libero non mattis pulvinar, nulla pede ullamcorper augue, a suscipit nulla elit ac nulla.",0,""
3979,1,4,Maecenas pulvinar lobortis est. Phasellus sit amet erat.,0,""
3816,0,7,"Lorem ipsum dolor sit amet, consectetuer adipiscing elit. Proin risus. Praesent lectus.",1,
3428,1,6,Praesent blandit lacinia erat.,0,""
3974,0,6,Donec dapibus. Duis at velit eu est congue elementum.,1,
3083,1,2,"Quisque arcu libero, rutrum ac, lobortis vel, dapibus at, diam.",0,""
4000,0,7,Integer a nibh. In quis justo. Maecenas rhoncus aliquam lacus.,1,
3167,0,4,Integer ac leo. Pellentesque ultrices mattis odio. Donec vitae nisi.,1,
3427,1,6,Nulla justo. Aliquam quis turpis eget elit sodales scelerisque. Mauris sit amet eros.,0,""
3113,1,2,Nullam sit amet turpis elementum ligula vehicula consequat. Morbi a ipsum.,0,""
3822,1,9,"Vivamus metus arcu, adipiscing molestie, hendrerit at, vulputate vitae, nisl. Aenean lectus.",0,""
3746,0,10,Morbi a ipsum.,1,
3047,0,1,"Phasellus id sapien in sapien iaculis congue. Vivamus metus arcu, adipiscing molestie, hendrerit at, vulputate vitae, nisl.",1,
3462,1,9,Morbi vel lectus in quam fringilla rhoncus.,1,
3858,0,10,Fusce consequat. Nulla nisl. Nunc nisl.,1,
3339,1,3,"Donec ut mauris eget massa tempor convallis. Nulla neque libero, convallis eget, eleifend luctus, ultricies eu, nibh.",1,
3780,1,10,Morbi a ipsum.,1,
3329,0,7,Fusce consequat. Nulla nisl. Nunc nisl.,0,""
3499,1,5,Pellentesque eget nunc. Donec quis orci eget orci vehicula condimentum. Curabitur in libero ut massa volutpat convallis.,1,
3840,0,4,Integer a nibh. In quis justo.,0,""
3924,0,8,"Donec vitae nisi. Nam ultrices, libero non mattis pulvinar, nulla pede ullamcorper augue, a suscipit nulla elit ac nulla.",1,
3613,1,1,Suspendisse potenti. Nullam porttitor lacus at turpis. Donec posuere metus vitae ipsum.,1,
3151,1,4,"Aenean sit amet justo. Morbi ut odio. Cras mi pede, malesuada in, imperdiet et, commodo vulputate, justo.",0,""
3844,0,8,Donec quis orci eget orci vehicula condimentum. Curabitur in libero ut massa volutpat convallis.,1,
3755,0,2,In sagittis dui vel nisl.,0,""
3864,1,5,Morbi non lectus.,0,""
3005,1,5,Donec posuere metus vitae ipsum. Aliquam non mauris.,1,
3610,1,6,Etiam pretium iaculis justo.,1,
3879,1,7,Aliquam sit amet diam in magna bibendum imperdiet.,1,
3077,0,7,"Quisque id justo sit amet sapien dignissim vestibulum. Vestibulum ante ipsum primis in faucibus orci luctus et ultrices posuere cubilia Curae; Nulla dapibus dolor vel est. Donec odio justo, sollicitudin ut, suscipit a, feugiat et, eros.",1,
3004,1,1,Aenean lectus.,0,""
3522,0,10,"In est risus, auctor sed, tristique in, tempus sit amet, sem.",1,
3482,0,5,Etiam pretium iaculis justo.,0,""
3611,1,4,"Mauris enim leo, rhoncus sed, vestibulum sit amet, cursus id, turpis. Integer aliquet, massa id lobortis convallis, tortor risus dapibus augue, vel accumsan tellus nisi eu orci. Mauris lacinia sapien quis libero.",0,""
3667,0,7,Nulla tellus.,1,
3690,1,3,"Fusce lacus purus, aliquet at, feugiat non, pretium quis, lectus. Suspendisse potenti.",0,""
3800,1,7,"Proin leo odio, porttitor id, consequat in, consequat ut, nulla. Sed accumsan felis.",0,""
3059,0,9,"Morbi sem mauris, laoreet ut, rhoncus aliquet, pulvinar sed, nisl. Nunc rhoncus dui vel sem. Sed sagittis.",1,
3250,1,10,Suspendisse ornare consequat lectus.,1,
3598,0,10,Mauris sit amet eros.,1,
3260,0,8,"Morbi odio odio, elementum eu, interdum eu, tincidunt in, leo. Maecenas pulvinar lobortis est. Phasellus sit amet erat.",0,""
3524,1,8,Praesent id massa id nisl venenatis lacinia. Aenean sit amet justo.,0,""
3219,1,7,"Quisque arcu libero, rutrum ac, lobortis vel, dapibus at, diam. Nam tristique tortor eu pede.",1,
3830,1,1,Suspendisse potenti.,1,
3849,1,7,Pellentesque viverra pede ac diam.,1,
3667,0,6,In eleifend quam a odio.,1,
3505,1,9,Aliquam non mauris. Morbi non lectus.,1,
3822,1,5,Quisque ut erat. Curabitur gravida nisi at nibh.,1,
3397,1,2,Morbi a ipsum. Integer a nibh.,0,""
3133,1,5,"In hac habitasse platea dictumst. Morbi vestibulum, velit id pretium iaculis, diam erat fermentum justo, nec condimentum neque sapien placerat ante. Nulla justo.",1,
3826,1,3,"In hac habitasse platea dictumst. Morbi vestibulum, velit id pretium iaculis, diam erat fermentum justo, nec condimentum neque sapien placerat ante. Nulla justo.",0,""
3235,0,3,Nulla facilisi. Cras non velit nec nisi vulputate nonummy. Maecenas tincidunt lacus at velit.,0,""
3159,0,9,Aenean fermentum.,0,""
3231,0,5,"Mauris ullamcorper purus sit amet nulla. Quisque arcu libero, rutrum ac, lobortis vel, dapibus at, diam. Nam tristique tortor eu pede.",1,
3468,0,8,Vivamus tortor. Duis mattis egestas metus. Aenean fermentum.,1,
3316,0,3,Praesent blandit lacinia erat. Vestibulum sed magna at nunc commodo placerat. Praesent blandit.,0,""
3521,0,3,Donec ut dolor.,0,""
3187,1,8,Nullam porttitor lacus at turpis.,0,""
3454,1,7,"Nunc rhoncus dui vel sem. Sed sagittis. Nam congue, risus semper porta volutpat, quam pede lobortis ligula, sit amet eleifend pede libero quis orci.",0,""
3839,1,2,Aliquam erat volutpat. In congue.,0,""
3070,0,2,Integer tincidunt ante vel ipsum.,1,
3956,0,2,"Mauris enim leo, rhoncus sed, vestibulum sit amet, cursus id, turpis. Integer aliquet, massa id lobortis convallis, tortor risus dapibus augue, vel accumsan tellus nisi eu orci. Mauris lacinia sapien quis libero.",0,""
3242,0,5,Duis at velit eu est congue elementum. In hac habitasse platea dictumst.,0,""
3206,0,2,"Morbi vestibulum, velit id pretium iaculis, diam erat fermentum justo, nec condimentum neque sapien placerat ante. Nulla justo.",1,
3919,1,5,"Donec vitae nisi. Nam ultrices, libero non mattis pulvinar, nulla pede ullamcorper augue, a suscipit nulla elit ac nulla.",0,""
3026,1,1,"Proin interdum mauris non ligula pellentesque ultrices. Phasellus id sapien in sapien iaculis congue. Vivamus metus arcu, adipiscing molestie, hendrerit at, vulputate vitae, nisl.",1,
3340,0,10,Sed accumsan felis. Ut at dolor quis odio consequat varius.,1,
3294,0,8,"Nunc nisl. Duis bibendum, felis sed interdum venenatis, turpis enim blandit mi, in porttitor pede justo eu massa. Donec dapibus.",1,
3596,0,10,Vestibulum sed magna at nunc commodo placerat.,0,""
3897,1,8,"Mauris enim leo, rhoncus sed, vestibulum sit amet, cursus id, turpis. Integer aliquet, massa id lobortis convallis, tortor risus dapibus augue, vel accumsan tellus nisi eu orci.",0,""
3097,0,1,Praesent blandit lacinia erat.,1,
3735,1,9,Aenean auctor gravida sem. Praesent id massa id nisl venenatis lacinia. Aenean sit amet justo.,0,""
3640,0,5,"Vivamus vestibulum sagittis sapien. Cum sociis natoque penatibus et magnis dis parturient montes, nascetur ridiculus mus.",0,""
3319,1,1,"Donec ut mauris eget massa tempor convallis. Nulla neque libero, convallis eget, eleifend luctus, ultricies eu, nibh. Quisque id justo sit amet sapien dignissim vestibulum.",0,""
3726,0,3,Duis mattis egestas metus. Aenean fermentum. Donec ut mauris eget massa tempor convallis.,1,
3176,1,5,Nullam varius.,0,""
3267,0,10,"Quisque erat eros, viverra eget, congue eget, semper rutrum, nulla. Nunc purus. Phasellus in felis.",0,""
3431,0,4,Donec dapibus.,0,""
3888,1,1,Integer tincidunt ante vel ipsum. Praesent blandit lacinia erat. Vestibulum sed magna at nunc commodo placerat.,1,
3634,1,9,Nulla justo. Aliquam quis turpis eget elit sodales scelerisque. Mauris sit amet eros.,0,""
3516,0,10,Morbi a ipsum. Integer a nibh. In quis justo.,1,
3545,1,7,Vestibulum sed magna at nunc commodo placerat. Praesent blandit.,1,
3902,0,5,Nulla tempus. Vivamus in felis eu sapien cursus vestibulum.,0,""
3258,0,1,"Morbi odio odio, elementum eu, interdum eu, tincidunt in, leo.",0,""
3039,0,1,Donec dapibus. Duis at velit eu est congue elementum. In hac habitasse platea dictumst.,0,""
3561,0,3,"Lorem ipsum dolor sit amet, consectetuer adipiscing elit. Proin risus.",0,""
3062,1,5,"Curabitur at ipsum ac tellus semper interdum. Mauris ullamcorper purus sit amet nulla. Quisque arcu libero, rutrum ac, lobortis vel, dapibus at, diam.",0,""
3608,0,1,Integer a nibh. In quis justo. Maecenas rhoncus aliquam lacus.,1,
3956,1,5,Vestibulum rutrum rutrum neque. Aenean auctor gravida sem. Praesent id massa id nisl venenatis lacinia.,0,""
3364,0,9,Pellentesque viverra pede ac diam.,0,""
3676,0,3,Vestibulum ante ipsum primis in faucibus orci luctus et ultrices posuere cubilia Curae; Duis faucibus accumsan odio.,0,""
3361,0,5,"Morbi quis tortor id nulla ultrices aliquet. Maecenas leo odio, condimentum id, luctus nec, molestie sed, justo. Pellentesque viverra pede ac diam.",0,""
3230,1,4,In hac habitasse platea dictumst.,0,""
3112,1,9,"Nam ultrices, libero non mattis pulvinar, nulla pede ullamcorper augue, a suscipit nulla elit ac nulla. Sed vel enim sit amet nunc viverra dapibus. Nulla suscipit ligula in lacus.",0,""
3248,1,8,Praesent blandit lacinia erat. Vestibulum sed magna at nunc commodo placerat. Praesent blandit.,0,""
3223,1,4,Maecenas tincidunt lacus at velit.,1,
3167,0,5,Sed accumsan felis.,1,
3105,0,2,Praesent blandit. Nam nulla.,0,""
3701,0,9,Donec dapibus. Duis at velit eu est congue elementum. In hac habitasse platea dictumst.,1,
3419,0,5,Nulla ut erat id mauris vulputate elementum. Nullam varius.,1,
3672,1,1,In eleifend quam a odio. In hac habitasse platea dictumst.,1,
3607,0,4,Nulla tempus.,1,
3344,0,7,In quis justo. Maecenas rhoncus aliquam lacus.,1,
3596,1,5,Integer a nibh. In quis justo. Maecenas rhoncus aliquam lacus.,0,""
3091,0,2,Aenean fermentum. Donec ut mauris eget massa tempor convallis.,0,""
3508,1,8,Integer a nibh. In quis justo. Maecenas rhoncus aliquam lacus.,0,""
3170,1,2,Sed vel enim sit amet nunc viverra dapibus. Nulla suscipit ligula in lacus. Curabitur at ipsum ac tellus semper interdum.,0,""
3561,0,5,Morbi vel lectus in quam fringilla rhoncus.,1,
3980,0,4,Pellentesque at nulla. Suspendisse potenti. Cras in purus eu magna vulputate luctus.,1,
3012,1,3,Maecenas tincidunt lacus at velit. Vivamus vel nulla eget eros elementum pellentesque. Quisque porta volutpat erat.,1,
3181,0,3,"Cum sociis natoque penatibus et magnis dis parturient montes, nascetur ridiculus mus.",0,""
3347,0,2,"In est risus, auctor sed, tristique in, tempus sit amet, sem. Fusce consequat. Nulla nisl.",1,
3996,1,7,Nulla suscipit ligula in lacus. Curabitur at ipsum ac tellus semper interdum. Mauris ullamcorper purus sit amet nulla.,0,""
3265,1,3,Praesent blandit.,0,""
3665,0,6,"Lorem ipsum dolor sit amet, consectetuer adipiscing elit. Proin interdum mauris non ligula pellentesque ultrices. Phasellus id sapien in sapien iaculis congue.",1,
3719,1,5,Quisque ut erat. Curabitur gravida nisi at nibh. In hac habitasse platea dictumst.,1,
3642,1,5,Suspendisse potenti. Nullam porttitor lacus at turpis. Donec posuere metus vitae ipsum.,0,""
3810,0,5,"Lorem ipsum dolor sit amet, consectetuer adipiscing elit. Proin risus. Praesent lectus.",1,
3638,0,9,"Quisque erat eros, viverra eget, congue eget, semper rutrum, nulla.",0,""
3873,1,4,Duis mattis egestas metus. Aenean fermentum. Donec ut mauris eget massa tempor convallis.,0,""
3495,1,4,Etiam vel augue.,1,
3014,0,3,Ut tellus.,1,
3362,1,10,"Fusce lacus purus, aliquet at, feugiat non, pretium quis, lectus. Suspendisse potenti. In eleifend quam a odio.",0,""
3450,0,8,Duis consequat dui nec nisi volutpat eleifend.,1,
3410,0,3,Nulla tellus. In sagittis dui vel nisl.,0,""
3036,1,5,Aenean auctor gravida sem. Praesent id massa id nisl venenatis lacinia. Aenean sit amet justo.,0,""
3212,1,4,Aliquam quis turpis eget elit sodales scelerisque.,1,
3166,0,1,Sed ante. Vivamus tortor.,1,
3788,0,6,"Nulla neque libero, convallis eget, eleifend luctus, ultricies eu, nibh. Quisque id justo sit amet sapien dignissim vestibulum.",1,
3735,1,9,"Morbi ut odio. Cras mi pede, malesuada in, imperdiet et, commodo vulputate, justo.",1,
3795,0,7,"Cum sociis natoque penatibus et magnis dis parturient montes, nascetur ridiculus mus. Vivamus vestibulum sagittis sapien. Cum sociis natoque penatibus et magnis dis parturient montes, nascetur ridiculus mus.",1,
3084,1,10,Suspendisse accumsan tortor quis turpis.,1,
3206,0,6,Suspendisse accumsan tortor quis turpis. Sed ante. Vivamus tortor.,1,
3666,0,3,Mauris sit amet eros. Suspendisse accumsan tortor quis turpis.,1,
3450,0,5,Curabitur at ipsum ac tellus semper interdum.,0,""
3381,1,8,Proin risus.,0,""
3051,0,2,Praesent blandit.,1,
3483,1,7,Cras non velit nec nisi vulputate nonummy. Maecenas tincidunt lacus at velit.,1,
3769,1,8,Maecenas ut massa quis augue luctus tincidunt. Nulla mollis molestie lorem.,1,
3790,0,1,"Morbi ut odio. Cras mi pede, malesuada in, imperdiet et, commodo vulputate, justo.",0,""
3198,0,8,Suspendisse accumsan tortor quis turpis.,1,
3171,0,8,Cras non velit nec nisi vulputate nonummy. Maecenas tincidunt lacus at velit. Vivamus vel nulla eget eros elementum pellentesque.,0,""
3307,1,10,Nulla ut erat id mauris vulputate elementum.,0,""
3678,1,1,"Mauris ullamcorper purus sit amet nulla. Quisque arcu libero, rutrum ac, lobortis vel, dapibus at, diam. Nam tristique tortor eu pede.",0,""
4000,0,1,In hac habitasse platea dictumst.,1,
3581,1,2,Maecenas ut massa quis augue luctus tincidunt. Nulla mollis molestie lorem.,0,""
3428,1,3,Sed vel enim sit amet nunc viverra dapibus. Nulla suscipit ligula in lacus. Curabitur at ipsum ac tellus semper interdum.,0,""
3356,0,1,Cras non velit nec nisi vulputate nonummy.,1,
3892,1,1,Vestibulum sed magna at nunc commodo placerat.,0,""
3134,0,3,Sed accumsan felis. Ut at dolor quis odio consequat varius.,1,
3406,1,1,Suspendisse potenti. Nullam porttitor lacus at turpis.,0,""
3007,0,7,Curabitur convallis. Duis consequat dui nec nisi volutpat eleifend.,0,""
3997,1,2,Donec vitae nisi.,0,""
3010,1,6,"Nulla neque libero, convallis eget, eleifend luctus, ultricies eu, nibh. Quisque id justo sit amet sapien dignissim vestibulum. Vestibulum ante ipsum primis in faucibus orci luctus et ultrices posuere cubilia Curae; Nulla dapibus dolor vel est.",0,""
3406,1,6,Fusce consequat. Nulla nisl.,0,""
3264,1,5,"Aliquam augue quam, sollicitudin vitae, consectetuer eget, rutrum at, lorem.",0,""
3610,1,8,Aliquam sit amet diam in magna bibendum imperdiet.,1,
3661,1,1,Morbi vel lectus in quam fringilla rhoncus.,0,""
3387,0,7,"Donec ut mauris eget massa tempor convallis. Nulla neque libero, convallis eget, eleifend luctus, ultricies eu, nibh. Quisque id justo sit amet sapien dignissim vestibulum.",0,""
3145,1,8,Aenean lectus. Pellentesque eget nunc.,1,
3195,1,10,Praesent blandit lacinia erat. Vestibulum sed magna at nunc commodo placerat. Praesent blandit.,0,""
3866,1,4,Nunc purus. Phasellus in felis.,1,
3697,1,6,In blandit ultrices enim.,0,""
3005,1,5,Donec posuere metus vitae ipsum. Aliquam non mauris. Morbi non lectus.,0,""
3638,0,7,Quisque id justo sit amet sapien dignissim vestibulum.,1,
3895,1,5,Integer a nibh.,0,""
3471,1,4,Maecenas rhoncus aliquam lacus. Morbi quis tortor id nulla ultrices aliquet.,1,
3892,0,7,"Phasellus id sapien in sapien iaculis congue. Vivamus metus arcu, adipiscing molestie, hendrerit at, vulputate vitae, nisl.",1,
3087,1,3,"Duis ac nibh. Fusce lacus purus, aliquet at, feugiat non, pretium quis, lectus. Suspendisse potenti.",0,""
3271,0,9,"Vestibulum ac est lacinia nisi venenatis tristique. Fusce congue, diam id ornare imperdiet, sapien urna pretium nisl, ut volutpat sapien arcu sed augue.",0,""
3680,1,4,Vivamus in felis eu sapien cursus vestibulum. Proin eu mi.,1,
3735,0,10,Duis bibendum. Morbi non quam nec dui luctus rutrum. Nulla tellus.,0,""
3374,0,4,Nulla suscipit ligula in lacus. Curabitur at ipsum ac tellus semper interdum.,0,""
3151,1,1,Curabitur at ipsum ac tellus semper interdum.,1,
3563,1,10,"Maecenas tristique, est et tempus semper, est quam pharetra magna, ac consequat metus sapien ut nunc. Vestibulum ante ipsum primis in faucibus orci luctus et ultrices posuere cubilia Curae; Mauris viverra diam vitae quam. Suspendisse potenti.",0,""
3515,1,2,Donec vitae nisi.,0,""
3111,1,9,Integer a nibh. In quis justo. Maecenas rhoncus aliquam lacus.,0,""
3319,0,6,"Quisque porta volutpat erat. Quisque erat eros, viverra eget, congue eget, semper rutrum, nulla.",1,
3117,1,7,Proin at turpis a pede posuere nonummy. Integer non velit.,0,""
3887,0,1,Curabitur gravida nisi at nibh.,1,
3370,1,6,"Cras mi pede, malesuada in, imperdiet et, commodo vulputate, justo.",1,
3469,0,10,Donec posuere metus vitae ipsum.,0,""
3420,1,7,"Cum sociis natoque penatibus et magnis dis parturient montes, nascetur ridiculus mus. Etiam vel augue.",1,
3314,0,9,"Cum sociis natoque penatibus et magnis dis parturient montes, nascetur ridiculus mus.",0,""
3058,0,5,Pellentesque eget nunc. Donec quis orci eget orci vehicula condimentum.,1,
3368,0,2,Duis consequat dui nec nisi volutpat eleifend.,0,""
3721,0,2,Aenean auctor gravida sem. Praesent id massa id nisl venenatis lacinia.,1,
3232,1,9,"Vestibulum quam sapien, varius ut, blandit non, interdum in, ante. Vestibulum ante ipsum primis in faucibus orci luctus et ultrices posuere cubilia Curae; Duis faucibus accumsan odio. Curabitur convallis.",1,
3916,0,9,"Nam ultrices, libero non mattis pulvinar, nulla pede ullamcorper augue, a suscipit nulla elit ac nulla. Sed vel enim sit amet nunc viverra dapibus.",0,""
3500,1,2,"Quisque id justo sit amet sapien dignissim vestibulum. Vestibulum ante ipsum primis in faucibus orci luctus et ultrices posuere cubilia Curae; Nulla dapibus dolor vel est. Donec odio justo, sollicitudin ut, suscipit a, feugiat et, eros.",1,
3181,1,7,Proin interdum mauris non ligula pellentesque ultrices. Phasellus id sapien in sapien iaculis congue.,1,
3683,0,3,Nullam porttitor lacus at turpis. Donec posuere metus vitae ipsum. Aliquam non mauris.,0,""
3061,0,1,"Mauris ullamcorper purus sit amet nulla. Quisque arcu libero, rutrum ac, lobortis vel, dapibus at, diam.",0,""
3699,1,2,Aliquam quis turpis eget elit sodales scelerisque. Mauris sit amet eros.,1,
3360,0,4,Maecenas tincidunt lacus at velit.,1,
3494,1,2,Nulla justo.,1,
3791,1,5,"Nulla ac enim. In tempor, turpis nec euismod scelerisque, quam turpis adipiscing lorem, vitae mattis nibh ligula nec sem. Duis aliquam convallis nunc.",1,
3500,1,3,Maecenas tincidunt lacus at velit.,0,""
3277,1,2,Nullam varius. Nulla facilisi.,0,""
3070,0,10,Integer a nibh. In quis justo.,1,
3370,0,10,In quis justo. Maecenas rhoncus aliquam lacus.,1,
3348,1,5,Proin interdum mauris non ligula pellentesque ultrices.,0,""
3651,0,8,Maecenas rhoncus aliquam lacus. Morbi quis tortor id nulla ultrices aliquet.,0,""
3233,1,6,"Pellentesque ultrices mattis odio. Donec vitae nisi. Nam ultrices, libero non mattis pulvinar, nulla pede ullamcorper augue, a suscipit nulla elit ac nulla.",1,
3966,0,4,"Quisque erat eros, viverra eget, congue eget, semper rutrum, nulla. Nunc purus. Phasellus in felis.",1,
3647,0,1,Etiam vel augue. Vestibulum rutrum rutrum neque.,0,""
3686,1,6,"Nam nulla. Integer pede justo, lacinia eget, tincidunt eget, tempus vel, pede. Morbi porttitor lorem id ligula.",0,""
3566,0,2,Proin interdum mauris non ligula pellentesque ultrices. Phasellus id sapien in sapien iaculis congue.,0,""
3903,0,8,Integer a nibh. In quis justo.,0,""
3522,0,9,Suspendisse potenti.,1,
3103,0,3,"Morbi vel lectus in quam fringilla rhoncus. Mauris enim leo, rhoncus sed, vestibulum sit amet, cursus id, turpis.",1,
3580,0,6,"Aenean sit amet justo. Morbi ut odio. Cras mi pede, malesuada in, imperdiet et, commodo vulputate, justo.",0,""
3836,1,6,Morbi a ipsum. Integer a nibh.,1,
3279,1,8,"Nulla neque libero, convallis eget, eleifend luctus, ultricies eu, nibh. Quisque id justo sit amet sapien dignissim vestibulum.",0,""
3236,0,8,Etiam vel augue. Vestibulum rutrum rutrum neque.,1,
3797,1,8,"Morbi odio odio, elementum eu, interdum eu, tincidunt in, leo.",1,
3795,0,1,Duis bibendum. Morbi non quam nec dui luctus rutrum.,0,""
3687,0,3,Duis aliquam convallis nunc.,1,
3946,1,3,"In tempor, turpis nec euismod scelerisque, quam turpis adipiscing lorem, vitae mattis nibh ligula nec sem.",0,""
3204,1,2,Integer ac leo.,0,""
3816,0,9,"Vestibulum ante ipsum primis in faucibus orci luctus et ultrices posuere cubilia Curae; Donec pharetra, magna vestibulum aliquet ultrices, erat tortor sollicitudin mi, sit amet lobortis sapien sapien non mi. Integer ac neque.",1,
3234,1,3,"In est risus, auctor sed, tristique in, tempus sit amet, sem. Fusce consequat. Nulla nisl.",0,""
3944,0,2,Nulla justo.,1,
3252,1,2,In hac habitasse platea dictumst. Etiam faucibus cursus urna.,0,""
3065,0,6,Suspendisse potenti.,1,
3533,0,6,Integer ac neque. Duis bibendum.,0,""
3176,1,3,Nulla tellus. In sagittis dui vel nisl.,0,""
3822,0,9,Vestibulum rutrum rutrum neque. Aenean auctor gravida sem. Praesent id massa id nisl venenatis lacinia.,1,
3435,1,10,Pellentesque at nulla. Suspendisse potenti. Cras in purus eu magna vulputate luctus.,0,""
3843,1,5,"Nunc nisl. Duis bibendum, felis sed interdum venenatis, turpis enim blandit mi, in porttitor pede justo eu massa.",1,
3645,1,8,In quis justo.,1,
3511,1,8,Morbi ut odio.,1,
3618,1,5,Vestibulum ante ipsum primis in faucibus orci luctus et ultrices posuere cubilia Curae; Mauris viverra diam vitae quam. Suspendisse potenti.,0,""
3846,0,3,Vestibulum ante ipsum primis in faucibus orci luctus et ultrices posuere cubilia Curae; Mauris viverra diam vitae quam. Suspendisse potenti. Nullam porttitor lacus at turpis.,1,
3738,0,5,Nunc rhoncus dui vel sem.,1,
3639,1,5,"Aliquam sit amet diam in magna bibendum imperdiet. Nullam orci pede, venenatis non, sodales sed, tincidunt eu, felis.",0,""
3157,1,8,"Suspendisse ornare consequat lectus. In est risus, auctor sed, tristique in, tempus sit amet, sem. Fusce consequat.",0,""
3759,0,3,"Nunc nisl. Duis bibendum, felis sed interdum venenatis, turpis enim blandit mi, in porttitor pede justo eu massa.",1,
3989,1,10,"Maecenas leo odio, condimentum id, luctus nec, molestie sed, justo. Pellentesque viverra pede ac diam. Cras pellentesque volutpat dui.",0,""
3837,0,9,"Nullam orci pede, venenatis non, sodales sed, tincidunt eu, felis. Fusce posuere felis sed lacus.",0,""
3934,0,6,Nulla facilisi. Cras non velit nec nisi vulputate nonummy. Maecenas tincidunt lacus at velit.,0,""
3017,1,5,"Proin leo odio, porttitor id, consequat in, consequat ut, nulla.",1,
3283,0,4,"Mauris ullamcorper purus sit amet nulla. Quisque arcu libero, rutrum ac, lobortis vel, dapibus at, diam. Nam tristique tortor eu pede.",1,
3961,0,8,"Cras mi pede, malesuada in, imperdiet et, commodo vulputate, justo. In blandit ultrices enim. Lorem ipsum dolor sit amet, consectetuer adipiscing elit.",0,""
3979,1,8,"Lorem ipsum dolor sit amet, consectetuer adipiscing elit.",1,
3053,0,8,Duis at velit eu est congue elementum. In hac habitasse platea dictumst.,1,
3358,0,7,"Vestibulum quam sapien, varius ut, blandit non, interdum in, ante. Vestibulum ante ipsum primis in faucibus orci luctus et ultrices posuere cubilia Curae; Duis faucibus accumsan odio. Curabitur convallis.",1,
3459,0,1,Nulla tellus. In sagittis dui vel nisl. Duis ac nibh.,1,
3652,0,4,Phasellus sit amet erat. Nulla tempus.,0,""
3710,0,7,"Nulla neque libero, convallis eget, eleifend luctus, ultricies eu, nibh. Quisque id justo sit amet sapien dignissim vestibulum. Vestibulum ante ipsum primis in faucibus orci luctus et ultrices posuere cubilia Curae; Nulla dapibus dolor vel est.",0,""
3349,1,1,Vivamus tortor. Duis mattis egestas metus. Aenean fermentum.,1,
3194,0,10,Aliquam quis turpis eget elit sodales scelerisque. Mauris sit amet eros. Suspendisse accumsan tortor quis turpis.,0,""
3560,0,7,Ut at dolor quis odio consequat varius. Integer ac leo.,1,
3841,1,1,Nunc rhoncus dui vel sem. Sed sagittis.,1,
3200,0,6,"Morbi sem mauris, laoreet ut, rhoncus aliquet, pulvinar sed, nisl. Nunc rhoncus dui vel sem. Sed sagittis.",1,
3765,1,6,"Vestibulum quam sapien, varius ut, blandit non, interdum in, ante.",0,""
3942,1,10,"Maecenas rhoncus aliquam lacus. Morbi quis tortor id nulla ultrices aliquet. Maecenas leo odio, condimentum id, luctus nec, molestie sed, justo.",1,
3451,0,8,Curabitur in libero ut massa volutpat convallis.,1,
3206,1,1,Vivamus tortor. Duis mattis egestas metus. Aenean fermentum.,1,
3816,0,3,Praesent lectus.,1,
3536,1,2,Donec posuere metus vitae ipsum. Aliquam non mauris. Morbi non lectus.,1,
3879,0,5,Duis aliquam convallis nunc. Proin at turpis a pede posuere nonummy. Integer non velit.,1,
3272,0,10,"Cum sociis natoque penatibus et magnis dis parturient montes, nascetur ridiculus mus. Etiam vel augue.",1,
3191,1,2,Maecenas rhoncus aliquam lacus.,1,
3393,0,7,Nulla justo. Aliquam quis turpis eget elit sodales scelerisque.,1,
3728,0,6,Suspendisse potenti.,0,""
3052,0,2,Ut at dolor quis odio consequat varius. Integer ac leo.,0,""
3066,1,5,Pellentesque at nulla. Suspendisse potenti. Cras in purus eu magna vulputate luctus.,1,
3887,1,10,"Donec ut mauris eget massa tempor convallis. Nulla neque libero, convallis eget, eleifend luctus, ultricies eu, nibh.",0,""
3171,0,9,Pellentesque ultrices mattis odio.,1,
3291,0,9,"Vivamus vestibulum sagittis sapien. Cum sociis natoque penatibus et magnis dis parturient montes, nascetur ridiculus mus.",1,
3960,0,3,"Duis bibendum, felis sed interdum venenatis, turpis enim blandit mi, in porttitor pede justo eu massa. Donec dapibus.",0,""
3083,1,1,"Suspendisse ornare consequat lectus. In est risus, auctor sed, tristique in, tempus sit amet, sem. Fusce consequat.",0,""
3482,1,10,"Nam nulla. Integer pede justo, lacinia eget, tincidunt eget, tempus vel, pede. Morbi porttitor lorem id ligula.",0,""
3702,0,1,Quisque id justo sit amet sapien dignissim vestibulum. Vestibulum ante ipsum primis in faucibus orci luctus et ultrices posuere cubilia Curae; Nulla dapibus dolor vel est.,1,
3988,0,7,In hac habitasse platea dictumst.,0,""
3963,0,3,"Fusce lacus purus, aliquet at, feugiat non, pretium quis, lectus. Suspendisse potenti.",1,
3489,0,7,Integer ac leo. Pellentesque ultrices mattis odio. Donec vitae nisi.,0,""
3109,0,3,"Fusce lacus purus, aliquet at, feugiat non, pretium quis, lectus.",1,
3784,1,3,Integer ac leo.,1,
3007,0,2,Etiam pretium iaculis justo. In hac habitasse platea dictumst. Etiam faucibus cursus urna.,1,
3147,1,1,"Proin leo odio, porttitor id, consequat in, consequat ut, nulla. Sed accumsan felis. Ut at dolor quis odio consequat varius.",0,""
3976,1,2,Donec dapibus. Duis at velit eu est congue elementum.,0,""
3731,0,7,Nulla facilisi. Cras non velit nec nisi vulputate nonummy.,0,""
3893,1,9,"Vivamus metus arcu, adipiscing molestie, hendrerit at, vulputate vitae, nisl. Aenean lectus.",0,""
3405,1,2,Aenean lectus.,1,
3494,0,8,"Vivamus vestibulum sagittis sapien. Cum sociis natoque penatibus et magnis dis parturient montes, nascetur ridiculus mus.",1,
3541,1,5,Suspendisse accumsan tortor quis turpis. Sed ante. Vivamus tortor.,1,
3408,0,3,"In est risus, auctor sed, tristique in, tempus sit amet, sem. Fusce consequat.",1,
3051,1,1,"Nam congue, risus semper porta volutpat, quam pede lobortis ligula, sit amet eleifend pede libero quis orci. Nullam molestie nibh in lectus.",1,
3076,0,4,In hac habitasse platea dictumst.,1,
3386,1,10,Nunc nisl.,0,""
3820,0,4,Curabitur gravida nisi at nibh. In hac habitasse platea dictumst.,0,""
3290,0,3,Vivamus tortor.,0,""
3931,1,7,Integer ac leo. Pellentesque ultrices mattis odio.,1,
3419,0,2,"Morbi sem mauris, laoreet ut, rhoncus aliquet, pulvinar sed, nisl. Nunc rhoncus dui vel sem.",1,
3701,0,2,"Vestibulum quam sapien, varius ut, blandit non, interdum in, ante. Vestibulum ante ipsum primis in faucibus orci luctus et ultrices posuere cubilia Curae; Duis faucibus accumsan odio.",1,
3336,0,3,Morbi a ipsum.,0,""
3806,1,1,Aliquam erat volutpat. In congue.,1,
3185,0,7,In hac habitasse platea dictumst. Etiam faucibus cursus urna. Ut tellus.,1,
3867,1,3,"Mauris enim leo, rhoncus sed, vestibulum sit amet, cursus id, turpis. Integer aliquet, massa id lobortis convallis, tortor risus dapibus augue, vel accumsan tellus nisi eu orci.",0,""
3366,0,7,Aliquam erat volutpat. In congue.,0,""
3357,1,9,In quis justo. Maecenas rhoncus aliquam lacus. Morbi quis tortor id nulla ultrices aliquet.,0,""
3768,1,3,In eleifend quam a odio.,1,
3661,1,8,"Aliquam augue quam, sollicitudin vitae, consectetuer eget, rutrum at, lorem. Integer tincidunt ante vel ipsum.",1,
3445,0,10,Aenean auctor gravida sem. Praesent id massa id nisl venenatis lacinia. Aenean sit amet justo.,1,
3062,1,3,"Morbi vestibulum, velit id pretium iaculis, diam erat fermentum justo, nec condimentum neque sapien placerat ante. Nulla justo. Aliquam quis turpis eget elit sodales scelerisque.",1,
3591,1,4,"Donec diam neque, vestibulum eget, vulputate ut, ultrices vel, augue. Vestibulum ante ipsum primis in faucibus orci luctus et ultrices posuere cubilia Curae; Donec pharetra, magna vestibulum aliquet ultrices, erat tortor sollicitudin mi, sit amet lobortis sapien sapien non mi.",0,""
3209,1,9,In eleifend quam a odio. In hac habitasse platea dictumst.,0,""
3262,1,5,Nunc purus.,1,
3803,1,5,Mauris sit amet eros. Suspendisse accumsan tortor quis turpis.,1,
3487,0,3,Morbi vel lectus in quam fringilla rhoncus.,0,""
3414,1,8,"Nam dui. Proin leo odio, porttitor id, consequat in, consequat ut, nulla. Sed accumsan felis.",0,""
3886,0,8,Nulla justo.,1,
3071,0,8,Proin at turpis a pede posuere nonummy.,0,""
3259,1,1,Etiam vel augue. Vestibulum rutrum rutrum neque.,1,
3111,0,1,"Nam ultrices, libero non mattis pulvinar, nulla pede ullamcorper augue, a suscipit nulla elit ac nulla.",0,""
3771,0,4,"Vestibulum quam sapien, varius ut, blandit non, interdum in, ante. Vestibulum ante ipsum primis in faucibus orci luctus et ultrices posuere cubilia Curae; Duis faucibus accumsan odio. Curabitur convallis.",0,""
3200,0,7,"Lorem ipsum dolor sit amet, consectetuer adipiscing elit. Proin risus. Praesent lectus.",1,
3203,1,1,"In est risus, auctor sed, tristique in, tempus sit amet, sem. Fusce consequat.",0,""
3319,0,1,Curabitur gravida nisi at nibh. In hac habitasse platea dictumst.,1,
3170,1,8,Ut tellus. Nulla ut erat id mauris vulputate elementum. Nullam varius.,1,
3884,1,9,"Vivamus metus arcu, adipiscing molestie, hendrerit at, vulputate vitae, nisl.",1,
3521,0,5,Proin eu mi. Nulla ac enim.,1,
3245,1,10,"Vestibulum quam sapien, varius ut, blandit non, interdum in, ante.",1,
3513,1,8,Quisque id justo sit amet sapien dignissim vestibulum. Vestibulum ante ipsum primis in faucibus orci luctus et ultrices posuere cubilia Curae; Nulla dapibus dolor vel est.,1,
3234,0,6,Suspendisse potenti.,1,
3293,1,5,Nunc rhoncus dui vel sem. Sed sagittis.,1,
3295,1,6,"Proin eu mi. Nulla ac enim. In tempor, turpis nec euismod scelerisque, quam turpis adipiscing lorem, vitae mattis nibh ligula nec sem.",1,
3846,0,4,"Integer aliquet, massa id lobortis convallis, tortor risus dapibus augue, vel accumsan tellus nisi eu orci. Mauris lacinia sapien quis libero. Nullam sit amet turpis elementum ligula vehicula consequat.",0,""
3306,1,2,Nulla tempus.,1,
3286,1,8,"Cum sociis natoque penatibus et magnis dis parturient montes, nascetur ridiculus mus. Etiam vel augue.",0,""
3298,0,4,"Pellentesque ultrices mattis odio. Donec vitae nisi. Nam ultrices, libero non mattis pulvinar, nulla pede ullamcorper augue, a suscipit nulla elit ac nulla.",1,
3727,0,1,Aenean lectus.,1,
3440,0,4,"Nam nulla. Integer pede justo, lacinia eget, tincidunt eget, tempus vel, pede. Morbi porttitor lorem id ligula.",1,
3571,0,10,"Lorem ipsum dolor sit amet, consectetuer adipiscing elit.",0,""
3830,0,5,"Morbi odio odio, elementum eu, interdum eu, tincidunt in, leo. Maecenas pulvinar lobortis est. Phasellus sit amet erat.",0,""
3404,0,1,Suspendisse potenti. Nullam porttitor lacus at turpis.,0,""
3756,0,10,Etiam vel augue. Vestibulum rutrum rutrum neque.,1,
3318,1,6,Morbi non lectus. Aliquam sit amet diam in magna bibendum imperdiet.,1,
3696,0,1,Donec ut dolor.,1,
3417,1,4,"In hac habitasse platea dictumst. Aliquam augue quam, sollicitudin vitae, consectetuer eget, rutrum at, lorem. Integer tincidunt ante vel ipsum.",0,""
3606,1,9,"Cum sociis natoque penatibus et magnis dis parturient montes, nascetur ridiculus mus.",1,
3176,0,9,Duis at velit eu est congue elementum. In hac habitasse platea dictumst.,0,""
3313,0,4,Nulla facilisi. Cras non velit nec nisi vulputate nonummy.,1,
3116,1,7,"Nulla neque libero, convallis eget, eleifend luctus, ultricies eu, nibh.",0,""
3776,1,6,Duis bibendum. Morbi non quam nec dui luctus rutrum.,0,""
3188,0,4,Pellentesque at nulla. Suspendisse potenti. Cras in purus eu magna vulputate luctus.,0,""
3895,0,5,Integer a nibh.,1,
3802,0,10,"Mauris enim leo, rhoncus sed, vestibulum sit amet, cursus id, turpis. Integer aliquet, massa id lobortis convallis, tortor risus dapibus augue, vel accumsan tellus nisi eu orci.",1,
3057,1,8,"Donec odio justo, sollicitudin ut, suscipit a, feugiat et, eros.",1,
3579,0,3,Curabitur convallis. Duis consequat dui nec nisi volutpat eleifend. Donec ut dolor.,1,
3948,0,3,"Cum sociis natoque penatibus et magnis dis parturient montes, nascetur ridiculus mus. Vivamus vestibulum sagittis sapien. Cum sociis natoque penatibus et magnis dis parturient montes, nascetur ridiculus mus.",1,
3375,1,6,"Nulla nisl. Nunc nisl. Duis bibendum, felis sed interdum venenatis, turpis enim blandit mi, in porttitor pede justo eu massa.",0,""
3708,1,2,"Quisque erat eros, viverra eget, congue eget, semper rutrum, nulla. Nunc purus. Phasellus in felis.",0,""
3545,0,7,Morbi quis tortor id nulla ultrices aliquet.,1,
3405,0,6,"Nunc rhoncus dui vel sem. Sed sagittis. Nam congue, risus semper porta volutpat, quam pede lobortis ligula, sit amet eleifend pede libero quis orci.",1,
3514,0,7,"In tempor, turpis nec euismod scelerisque, quam turpis adipiscing lorem, vitae mattis nibh ligula nec sem. Duis aliquam convallis nunc. Proin at turpis a pede posuere nonummy.",1,
3952,1,5,Nulla mollis molestie lorem. Quisque ut erat. Curabitur gravida nisi at nibh.,0,""
3801,1,10,Suspendisse accumsan tortor quis turpis. Sed ante. Vivamus tortor.,0,""
3572,0,4,Nullam molestie nibh in lectus. Pellentesque at nulla. Suspendisse potenti.,0,""
3097,0,7,Integer tincidunt ante vel ipsum.,1,
3093,1,7,Duis bibendum.,1,
3768,1,9,Suspendisse potenti. Nullam porttitor lacus at turpis. Donec posuere metus vitae ipsum.,0,""
3444,0,4,Pellentesque at nulla.,0,""
3578,1,9,"Suspendisse potenti. Cras in purus eu magna vulputate luctus. Cum sociis natoque penatibus et magnis dis parturient montes, nascetur ridiculus mus.",1,
3821,1,4,Sed vel enim sit amet nunc viverra dapibus. Nulla suscipit ligula in lacus.,1,
3376,0,1,Suspendisse potenti.,1,
3591,1,4,"In hac habitasse platea dictumst. Aliquam augue quam, sollicitudin vitae, consectetuer eget, rutrum at, lorem.",1,
3346,1,7,"Donec diam neque, vestibulum eget, vulputate ut, ultrices vel, augue. Vestibulum ante ipsum primis in faucibus orci luctus et ultrices posuere cubilia Curae; Donec pharetra, magna vestibulum aliquet ultrices, erat tortor sollicitudin mi, sit amet lobortis sapien sapien non mi. Integer ac neque.",1,
3997,1,1,Nam tristique tortor eu pede.,1,
3355,0,8,Curabitur at ipsum ac tellus semper interdum.,0,""
3535,0,10,"Morbi ut odio. Cras mi pede, malesuada in, imperdiet et, commodo vulputate, justo.",1,
3634,0,2,Nulla justo. Aliquam quis turpis eget elit sodales scelerisque.,1,
3654,1,4,Integer ac neque. Duis bibendum. Morbi non quam nec dui luctus rutrum.,0,""
3909,0,5,Suspendisse ornare consequat lectus.,1,
3547,1,8,Mauris sit amet eros.,0,""
3531,0,5,In hac habitasse platea dictumst. Etiam faucibus cursus urna. Ut tellus.,0,""
3657,0,5,"Nulla neque libero, convallis eget, eleifend luctus, ultricies eu, nibh. Quisque id justo sit amet sapien dignissim vestibulum.",1,
3927,0,6,In congue.,1,
3106,0,8,Etiam vel augue. Vestibulum rutrum rutrum neque. Aenean auctor gravida sem.,0,""
3227,1,2,Ut at dolor quis odio consequat varius. Integer ac leo. Pellentesque ultrices mattis odio.,1,
3711,0,3,Nulla tellus.,0,""
3506,0,1,Cras in purus eu magna vulputate luctus.,1,
3948,0,6,"Nunc nisl. Duis bibendum, felis sed interdum venenatis, turpis enim blandit mi, in porttitor pede justo eu massa.",0,""
3951,0,9,Duis consequat dui nec nisi volutpat eleifend.,0,""
3114,0,3,In eleifend quam a odio.,0,""
3152,0,8,Ut at dolor quis odio consequat varius. Integer ac leo.,1,
3347,1,4,Praesent lectus.,0,""
3676,0,9,"Fusce congue, diam id ornare imperdiet, sapien urna pretium nisl, ut volutpat sapien arcu sed augue.",0,""
3782,1,6,Aenean fermentum. Donec ut mauris eget massa tempor convallis.,0,""
3744,1,6,"Curabitur in libero ut massa volutpat convallis. Morbi odio odio, elementum eu, interdum eu, tincidunt in, leo.",0,""
3521,1,10,Vivamus in felis eu sapien cursus vestibulum. Proin eu mi.,1,
3043,1,2,Duis aliquam convallis nunc. Proin at turpis a pede posuere nonummy.,0,""
3336,0,4,"Vestibulum quam sapien, varius ut, blandit non, interdum in, ante.",0,""
3955,0,9,Pellentesque ultrices mattis odio.,0,""
3412,0,8,"Cras pellentesque volutpat dui. Maecenas tristique, est et tempus semper, est quam pharetra magna, ac consequat metus sapien ut nunc. Vestibulum ante ipsum primis in faucibus orci luctus et ultrices posuere cubilia Curae; Mauris viverra diam vitae quam.",0,""
3908,0,5,"Vivamus vestibulum sagittis sapien. Cum sociis natoque penatibus et magnis dis parturient montes, nascetur ridiculus mus. Etiam vel augue.",0,""
3962,1,2,"Cum sociis natoque penatibus et magnis dis parturient montes, nascetur ridiculus mus. Vivamus vestibulum sagittis sapien.",0,""
3827,0,4,"Fusce lacus purus, aliquet at, feugiat non, pretium quis, lectus. Suspendisse potenti. In eleifend quam a odio.",0,""
3720,0,5,"Praesent lectus. Vestibulum quam sapien, varius ut, blandit non, interdum in, ante. Vestibulum ante ipsum primis in faucibus orci luctus et ultrices posuere cubilia Curae; Duis faucibus accumsan odio.",1,
3837,1,4,"Praesent lectus. Vestibulum quam sapien, varius ut, blandit non, interdum in, ante.",0,""
3035,1,5,Ut at dolor quis odio consequat varius. Integer ac leo.,0,""
3391,0,10,Morbi porttitor lorem id ligula.,1,
3883,1,9,Cras pellentesque volutpat dui.,1,
3182,0,3,"Donec diam neque, vestibulum eget, vulputate ut, ultrices vel, augue. Vestibulum ante ipsum primis in faucibus orci luctus et ultrices posuere cubilia Curae; Donec pharetra, magna vestibulum aliquet ultrices, erat tortor sollicitudin mi, sit amet lobortis sapien sapien non mi. Integer ac neque.",0,""
3783,0,7,Integer ac leo. Pellentesque ultrices mattis odio.,0,""
3640,0,3,Vivamus vel nulla eget eros elementum pellentesque. Quisque porta volutpat erat.,1,
3061,1,1,Nunc nisl.,1,
3877,0,5,Vestibulum ante ipsum primis in faucibus orci luctus et ultrices posuere cubilia Curae; Duis faucibus accumsan odio. Curabitur convallis. Duis consequat dui nec nisi volutpat eleifend.,1,
3479,0,7,"Nam dui. Proin leo odio, porttitor id, consequat in, consequat ut, nulla.",0,""
3368,1,9,Integer tincidunt ante vel ipsum.,0,""
3437,1,7,"Integer non velit. Donec diam neque, vestibulum eget, vulputate ut, ultrices vel, augue. Vestibulum ante ipsum primis in faucibus orci luctus et ultrices posuere cubilia Curae; Donec pharetra, magna vestibulum aliquet ultrices, erat tortor sollicitudin mi, sit amet lobortis sapien sapien non mi.",1,
3595,1,9,"Curabitur in libero ut massa volutpat convallis. Morbi odio odio, elementum eu, interdum eu, tincidunt in, leo.",0,""
3095,1,9,"In hac habitasse platea dictumst. Aliquam augue quam, sollicitudin vitae, consectetuer eget, rutrum at, lorem. Integer tincidunt ante vel ipsum.",0,""
3412,0,1,Nulla facilisi.,1,
3689,1,7,Phasellus sit amet erat.,0,""
3791,1,8,Nam nulla.,1,
3371,0,1,Nulla suscipit ligula in lacus. Curabitur at ipsum ac tellus semper interdum. Mauris ullamcorper purus sit amet nulla.,1,
3131,0,5,Nullam porttitor lacus at turpis. Donec posuere metus vitae ipsum.,1,
3580,0,5,"Morbi sem mauris, laoreet ut, rhoncus aliquet, pulvinar sed, nisl.",1,
3228,0,3,Praesent id massa id nisl venenatis lacinia. Aenean sit amet justo. Morbi ut odio.,1,
3638,0,6,Mauris sit amet eros. Suspendisse accumsan tortor quis turpis. Sed ante.,1,
