id,tipo,individual,esquema
847,2,1,http://dummyimage.com/104x140.bmp/ff4444/ffffff
216,2,0,http://dummyimage.com/161x213.png/5fa2dd/ffffff
923,1,0,http://dummyimage.com/168x205.jpg/cc0000/ffffff
876,1,1,http://dummyimage.com/114x115.bmp/dddddd/000000
294,1,0,http://dummyimage.com/204x125.jpg/ff4444/ffffff
959,1,1,http://dummyimage.com/221x167.jpg/ff4444/ffffff
102,1,0,http://dummyimage.com/241x217.jpg/dddddd/000000
826,0,0,http://dummyimage.com/143x222.png/5fa2dd/ffffff
733,2,1,http://dummyimage.com/188x101.bmp/5fa2dd/ffffff
952,0,1,http://dummyimage.com/159x231.jpg/dddddd/000000
718,1,0,http://dummyimage.com/220x199.bmp/ff4444/ffffff
536,1,1,http://dummyimage.com/106x219.png/5fa2dd/ffffff
934,0,0,http://dummyimage.com/142x116.bmp/5fa2dd/ffffff
922,0,0,http://dummyimage.com/231x214.png/dddddd/000000
591,1,1,http://dummyimage.com/220x187.png/dddddd/000000
139,1,0,http://dummyimage.com/118x151.bmp/ff4444/ffffff
653,0,1,http://dummyimage.com/177x150.jpg/ff4444/ffffff
243,1,1,http://dummyimage.com/165x226.jpg/ff4444/ffffff
826,1,0,http://dummyimage.com/123x140.bmp/dddddd/000000
845,1,1,http://dummyimage.com/123x232.jpg/5fa2dd/ffffff
468,1,1,http://dummyimage.com/107x129.png/5fa2dd/ffffff
148,2,1,http://dummyimage.com/170x176.jpg/cc0000/ffffff
377,1,1,http://dummyimage.com/178x178.jpg/ff4444/ffffff
772,1,0,http://dummyimage.com/213x168.png/ff4444/ffffff
9,0,0,http://dummyimage.com/127x245.jpg/dddddd/000000
570,0,1,http://dummyimage.com/112x130.png/5fa2dd/ffffff
507,1,0,http://dummyimage.com/121x194.bmp/dddddd/000000
198,0,0,http://dummyimage.com/250x184.bmp/dddddd/000000
797,2,1,http://dummyimage.com/173x179.png/5fa2dd/ffffff
220,0,1,http://dummyimage.com/194x187.bmp/cc0000/ffffff
911,0,0,http://dummyimage.com/190x105.bmp/5fa2dd/ffffff
121,0,1,http://dummyimage.com/219x186.bmp/ff4444/ffffff
674,1,1,http://dummyimage.com/238x118.png/ff4444/ffffff
238,1,1,http://dummyimage.com/160x234.png/cc0000/ffffff
918,2,0,http://dummyimage.com/107x161.jpg/5fa2dd/ffffff
410,2,1,http://dummyimage.com/144x250.jpg/ff4444/ffffff
515,0,0,http://dummyimage.com/222x203.png/dddddd/000000
813,2,0,http://dummyimage.com/249x201.bmp/dddddd/000000
849,2,1,http://dummyimage.com/164x196.png/dddddd/000000
570,2,0,http://dummyimage.com/243x240.bmp/5fa2dd/ffffff
101,2,0,http://dummyimage.com/231x130.bmp/ff4444/ffffff
539,0,0,http://dummyimage.com/114x178.jpg/ff4444/ffffff
726,0,1,http://dummyimage.com/140x223.jpg/5fa2dd/ffffff
981,0,1,http://dummyimage.com/218x160.jpg/ff4444/ffffff
695,1,1,http://dummyimage.com/203x205.bmp/dddddd/000000
713,0,0,http://dummyimage.com/167x181.png/5fa2dd/ffffff
570,0,0,http://dummyimage.com/179x182.jpg/dddddd/000000
100,2,0,http://dummyimage.com/151x191.bmp/5fa2dd/ffffff
608,1,0,http://dummyimage.com/190x157.bmp/dddddd/000000
929,0,1,http://dummyimage.com/195x162.png/ff4444/ffffff
690,1,1,http://dummyimage.com/243x162.png/cc0000/ffffff
427,2,1,http://dummyimage.com/218x234.png/5fa2dd/ffffff
786,2,0,http://dummyimage.com/221x237.jpg/5fa2dd/ffffff
479,1,1,http://dummyimage.com/239x139.jpg/ff4444/ffffff
140,0,1,http://dummyimage.com/131x154.bmp/cc0000/ffffff
36,0,1,http://dummyimage.com/206x131.png/ff4444/ffffff
707,0,0,http://dummyimage.com/164x105.bmp/ff4444/ffffff
842,1,1,http://dummyimage.com/194x241.jpg/ff4444/ffffff
242,1,1,http://dummyimage.com/228x114.png/cc0000/ffffff
31,0,0,http://dummyimage.com/169x207.bmp/ff4444/ffffff
524,2,1,http://dummyimage.com/170x111.png/5fa2dd/ffffff
353,2,0,http://dummyimage.com/233x160.bmp/cc0000/ffffff
199,2,0,http://dummyimage.com/249x172.jpg/cc0000/ffffff
639,1,1,http://dummyimage.com/170x119.png/ff4444/ffffff
979,2,0,http://dummyimage.com/216x225.jpg/cc0000/ffffff
455,1,1,http://dummyimage.com/189x165.bmp/5fa2dd/ffffff
948,0,1,http://dummyimage.com/164x142.bmp/5fa2dd/ffffff
876,0,1,http://dummyimage.com/227x145.png/5fa2dd/ffffff
388,2,0,http://dummyimage.com/230x138.png/dddddd/000000
692,0,0,http://dummyimage.com/233x193.bmp/dddddd/000000
294,0,0,http://dummyimage.com/104x118.bmp/5fa2dd/ffffff
950,2,0,http://dummyimage.com/240x243.jpg/dddddd/000000
460,0,0,http://dummyimage.com/172x144.jpg/5fa2dd/ffffff
503,0,1,http://dummyimage.com/232x163.bmp/ff4444/ffffff
691,2,0,http://dummyimage.com/141x207.jpg/ff4444/ffffff
586,1,1,http://dummyimage.com/196x156.bmp/ff4444/ffffff
662,1,0,http://dummyimage.com/181x195.bmp/ff4444/ffffff
228,2,0,http://dummyimage.com/163x225.bmp/dddddd/000000
94,2,1,http://dummyimage.com/146x231.jpg/dddddd/000000
430,2,0,http://dummyimage.com/199x233.jpg/cc0000/ffffff
403,0,0,http://dummyimage.com/129x164.jpg/cc0000/ffffff
678,1,0,http://dummyimage.com/208x172.png/ff4444/ffffff
851,1,0,http://dummyimage.com/139x208.png/cc0000/ffffff
865,0,1,http://dummyimage.com/232x117.jpg/dddddd/000000
134,2,0,http://dummyimage.com/119x213.bmp/dddddd/000000
165,1,1,http://dummyimage.com/246x174.bmp/cc0000/ffffff
74,0,1,http://dummyimage.com/216x105.bmp/5fa2dd/ffffff
171,0,0,http://dummyimage.com/115x218.bmp/cc0000/ffffff
166,1,0,http://dummyimage.com/163x194.bmp/ff4444/ffffff
928,1,0,http://dummyimage.com/194x194.bmp/dddddd/000000
128,1,1,http://dummyimage.com/236x136.bmp/ff4444/ffffff
619,0,0,http://dummyimage.com/124x238.jpg/cc0000/ffffff
984,0,0,http://dummyimage.com/146x162.bmp/ff4444/ffffff
465,2,1,http://dummyimage.com/108x146.jpg/5fa2dd/ffffff
248,2,0,http://dummyimage.com/103x182.png/cc0000/ffffff
42,1,0,http://dummyimage.com/116x133.bmp/cc0000/ffffff
891,0,1,http://dummyimage.com/161x128.bmp/5fa2dd/ffffff
809,2,0,http://dummyimage.com/246x108.bmp/dddddd/000000
161,0,1,http://dummyimage.com/127x100.jpg/5fa2dd/ffffff
498,0,1,http://dummyimage.com/227x189.png/ff4444/ffffff
215,1,0,http://dummyimage.com/133x233.bmp/cc0000/ffffff
803,0,0,http://dummyimage.com/145x179.bmp/dddddd/000000
299,2,0,http://dummyimage.com/212x133.bmp/5fa2dd/ffffff
264,0,1,http://dummyimage.com/176x245.jpg/cc0000/ffffff
984,2,1,http://dummyimage.com/161x115.jpg/cc0000/ffffff
516,0,1,http://dummyimage.com/214x228.jpg/cc0000/ffffff
901,2,1,http://dummyimage.com/198x144.jpg/dddddd/000000
617,0,1,http://dummyimage.com/113x217.bmp/dddddd/000000
550,1,0,http://dummyimage.com/182x246.bmp/ff4444/ffffff
264,1,1,http://dummyimage.com/125x208.jpg/ff4444/ffffff
631,0,1,http://dummyimage.com/137x104.png/5fa2dd/ffffff
653,2,0,http://dummyimage.com/123x179.bmp/ff4444/ffffff
336,0,0,http://dummyimage.com/181x159.bmp/5fa2dd/ffffff
686,0,0,http://dummyimage.com/126x231.png/5fa2dd/ffffff
368,1,0,http://dummyimage.com/189x241.bmp/dddddd/000000
715,1,0,http://dummyimage.com/233x151.jpg/5fa2dd/ffffff
957,0,1,http://dummyimage.com/167x158.bmp/5fa2dd/ffffff
714,0,1,http://dummyimage.com/164x243.bmp/ff4444/ffffff
752,2,1,http://dummyimage.com/219x214.bmp/5fa2dd/ffffff
805,0,1,http://dummyimage.com/195x111.bmp/cc0000/ffffff
967,2,0,http://dummyimage.com/248x160.png/dddddd/000000
45,0,0,http://dummyimage.com/181x196.bmp/dddddd/000000
562,1,1,http://dummyimage.com/202x218.png/ff4444/ffffff
108,2,1,http://dummyimage.com/169x123.jpg/cc0000/ffffff
468,0,1,http://dummyimage.com/207x136.jpg/cc0000/ffffff
401,2,0,http://dummyimage.com/223x166.png/ff4444/ffffff
978,2,0,http://dummyimage.com/243x147.png/ff4444/ffffff
169,0,1,http://dummyimage.com/158x221.jpg/cc0000/ffffff
538,0,1,http://dummyimage.com/129x189.bmp/dddddd/000000
618,2,0,http://dummyimage.com/212x170.bmp/cc0000/ffffff
200,0,0,http://dummyimage.com/170x194.bmp/cc0000/ffffff
395,1,1,http://dummyimage.com/190x142.bmp/5fa2dd/ffffff
681,1,1,http://dummyimage.com/157x201.png/5fa2dd/ffffff
95,1,0,http://dummyimage.com/117x148.bmp/cc0000/ffffff
268,0,1,http://dummyimage.com/100x148.png/dddddd/000000
954,1,0,http://dummyimage.com/139x130.png/cc0000/ffffff
883,1,0,http://dummyimage.com/133x136.jpg/cc0000/ffffff
462,1,1,http://dummyimage.com/164x211.jpg/cc0000/ffffff
68,1,0,http://dummyimage.com/249x228.jpg/dddddd/000000
847,0,0,http://dummyimage.com/136x102.png/5fa2dd/ffffff
312,1,0,http://dummyimage.com/178x116.bmp/cc0000/ffffff
161,1,1,http://dummyimage.com/168x173.png/dddddd/000000
4,1,1,http://dummyimage.com/247x226.png/dddddd/000000
984,2,0,http://dummyimage.com/110x129.png/dddddd/000000
776,1,1,http://dummyimage.com/157x163.png/5fa2dd/ffffff
875,2,0,http://dummyimage.com/224x181.bmp/dddddd/000000
582,1,1,http://dummyimage.com/146x105.jpg/cc0000/ffffff
660,1,1,http://dummyimage.com/115x242.jpg/ff4444/ffffff
148,2,0,http://dummyimage.com/146x232.png/ff4444/ffffff
658,2,1,http://dummyimage.com/246x250.png/5fa2dd/ffffff
492,0,1,http://dummyimage.com/179x135.jpg/ff4444/ffffff
520,2,0,http://dummyimage.com/184x128.bmp/cc0000/ffffff
845,1,1,http://dummyimage.com/246x118.png/5fa2dd/ffffff
396,0,1,http://dummyimage.com/157x183.bmp/dddddd/000000
535,0,0,http://dummyimage.com/147x231.png/cc0000/ffffff
640,2,0,http://dummyimage.com/183x209.png/ff4444/ffffff
11,0,0,http://dummyimage.com/125x143.png/dddddd/000000
849,2,1,http://dummyimage.com/235x130.jpg/cc0000/ffffff
384,2,1,http://dummyimage.com/241x150.bmp/dddddd/000000
934,1,1,http://dummyimage.com/225x107.png/ff4444/ffffff
367,1,0,http://dummyimage.com/187x195.bmp/dddddd/000000
876,2,1,http://dummyimage.com/235x243.jpg/cc0000/ffffff
653,2,1,http://dummyimage.com/180x247.png/dddddd/000000
211,2,1,http://dummyimage.com/246x176.png/5fa2dd/ffffff
827,0,1,http://dummyimage.com/141x225.jpg/5fa2dd/ffffff
590,0,1,http://dummyimage.com/207x241.png/5fa2dd/ffffff
680,1,1,http://dummyimage.com/123x245.jpg/cc0000/ffffff
51,0,1,http://dummyimage.com/106x134.jpg/cc0000/ffffff
90,0,0,http://dummyimage.com/133x182.bmp/5fa2dd/ffffff
324,0,1,http://dummyimage.com/157x168.png/dddddd/000000
808,1,1,http://dummyimage.com/177x220.png/dddddd/000000
933,1,1,http://dummyimage.com/110x179.png/5fa2dd/ffffff
837,0,0,http://dummyimage.com/215x123.png/cc0000/ffffff
641,0,1,http://dummyimage.com/160x196.jpg/5fa2dd/ffffff
954,0,1,http://dummyimage.com/172x240.png/dddddd/000000
955,0,1,http://dummyimage.com/116x205.jpg/cc0000/ffffff
360,0,1,http://dummyimage.com/214x133.bmp/5fa2dd/ffffff
106,2,1,http://dummyimage.com/242x100.jpg/dddddd/000000
801,0,1,http://dummyimage.com/234x114.bmp/cc0000/ffffff
686,0,1,http://dummyimage.com/147x106.png/5fa2dd/ffffff
964,0,1,http://dummyimage.com/188x109.jpg/cc0000/ffffff
766,1,1,http://dummyimage.com/144x178.png/5fa2dd/ffffff
653,1,0,http://dummyimage.com/247x101.jpg/ff4444/ffffff
189,1,1,http://dummyimage.com/226x113.png/cc0000/ffffff
514,1,0,http://dummyimage.com/210x189.jpg/cc0000/ffffff
903,2,1,http://dummyimage.com/171x128.bmp/5fa2dd/ffffff
313,1,1,http://dummyimage.com/157x105.png/cc0000/ffffff
745,1,1,http://dummyimage.com/200x226.jpg/cc0000/ffffff
890,0,0,http://dummyimage.com/237x157.bmp/ff4444/ffffff
962,2,1,http://dummyimage.com/164x157.jpg/ff4444/ffffff
434,2,1,http://dummyimage.com/172x142.bmp/dddddd/000000
436,1,1,http://dummyimage.com/127x218.bmp/dddddd/000000
902,0,1,http://dummyimage.com/147x249.jpg/5fa2dd/ffffff
22,2,0,http://dummyimage.com/182x137.png/5fa2dd/ffffff
253,2,0,http://dummyimage.com/163x145.bmp/ff4444/ffffff
624,1,1,http://dummyimage.com/189x243.bmp/5fa2dd/ffffff
792,2,1,http://dummyimage.com/214x130.bmp/cc0000/ffffff
639,2,0,http://dummyimage.com/228x178.bmp/5fa2dd/ffffff
717,0,1,http://dummyimage.com/163x229.png/ff4444/ffffff
798,1,1,http://dummyimage.com/121x129.bmp/5fa2dd/ffffff
354,2,0,http://dummyimage.com/219x115.jpg/ff4444/ffffff
829,0,1,http://dummyimage.com/123x203.jpg/5fa2dd/ffffff
676,1,0,http://dummyimage.com/127x117.jpg/dddddd/000000
110,2,1,http://dummyimage.com/143x235.png/ff4444/ffffff
795,2,1,http://dummyimage.com/225x230.png/dddddd/000000
318,2,1,http://dummyimage.com/225x201.bmp/dddddd/000000
505,2,1,http://dummyimage.com/180x123.jpg/cc0000/ffffff
888,2,1,http://dummyimage.com/162x184.png/dddddd/000000
774,1,0,http://dummyimage.com/237x227.jpg/5fa2dd/ffffff
82,2,1,http://dummyimage.com/190x240.png/cc0000/ffffff
365,0,0,http://dummyimage.com/100x222.png/cc0000/ffffff
61,1,0,http://dummyimage.com/213x198.png/cc0000/ffffff
30,0,1,http://dummyimage.com/205x187.png/cc0000/ffffff
381,1,1,http://dummyimage.com/200x160.jpg/ff4444/ffffff
721,0,1,http://dummyimage.com/125x215.jpg/dddddd/000000
399,2,1,http://dummyimage.com/168x173.png/ff4444/ffffff
321,1,1,http://dummyimage.com/120x184.png/dddddd/000000
431,0,1,http://dummyimage.com/116x118.jpg/5fa2dd/ffffff
837,2,0,http://dummyimage.com/150x151.jpg/ff4444/ffffff
494,0,0,http://dummyimage.com/152x240.bmp/cc0000/ffffff
383,0,0,http://dummyimage.com/202x213.bmp/5fa2dd/ffffff
898,0,0,http://dummyimage.com/102x166.png/ff4444/ffffff
469,2,0,http://dummyimage.com/247x138.png/5fa2dd/ffffff
983,2,0,http://dummyimage.com/150x141.bmp/ff4444/ffffff
943,1,1,http://dummyimage.com/220x124.bmp/cc0000/ffffff
617,1,0,http://dummyimage.com/136x179.png/5fa2dd/ffffff
115,1,1,http://dummyimage.com/112x209.bmp/dddddd/000000
628,0,0,http://dummyimage.com/235x164.png/ff4444/ffffff
96,2,0,http://dummyimage.com/232x183.jpg/cc0000/ffffff
191,0,0,http://dummyimage.com/213x160.png/ff4444/ffffff
305,1,0,http://dummyimage.com/225x225.jpg/5fa2dd/ffffff
328,1,0,http://dummyimage.com/175x187.png/dddddd/000000
489,2,1,http://dummyimage.com/179x209.bmp/dddddd/000000
164,0,1,http://dummyimage.com/199x186.bmp/5fa2dd/ffffff
564,1,1,http://dummyimage.com/148x193.jpg/ff4444/ffffff
769,2,1,http://dummyimage.com/190x161.bmp/5fa2dd/ffffff
161,1,1,http://dummyimage.com/117x208.jpg/5fa2dd/ffffff
743,1,0,http://dummyimage.com/211x109.png/cc0000/ffffff
737,2,0,http://dummyimage.com/121x213.png/dddddd/000000
399,1,1,http://dummyimage.com/175x149.png/cc0000/ffffff
136,0,1,http://dummyimage.com/181x182.jpg/5fa2dd/ffffff
149,1,0,http://dummyimage.com/208x141.png/ff4444/ffffff
818,0,1,http://dummyimage.com/109x180.jpg/dddddd/000000
728,0,0,http://dummyimage.com/153x116.jpg/ff4444/ffffff
141,0,1,http://dummyimage.com/140x161.bmp/cc0000/ffffff
898,2,0,http://dummyimage.com/116x230.png/dddddd/000000
228,1,1,http://dummyimage.com/146x134.jpg/ff4444/ffffff
498,1,0,http://dummyimage.com/187x142.png/5fa2dd/ffffff
740,0,1,http://dummyimage.com/103x157.png/dddddd/000000
306,0,1,http://dummyimage.com/180x211.jpg/dddddd/000000
656,2,1,http://dummyimage.com/141x210.jpg/dddddd/000000
591,0,1,http://dummyimage.com/234x215.jpg/ff4444/ffffff
908,0,0,http://dummyimage.com/145x149.bmp/cc0000/ffffff
155,0,0,http://dummyimage.com/163x234.bmp/5fa2dd/ffffff
19,0,0,http://dummyimage.com/237x104.png/ff4444/ffffff
81,2,0,http://dummyimage.com/203x135.bmp/dddddd/000000
924,0,0,http://dummyimage.com/105x161.jpg/cc0000/ffffff
682,2,0,http://dummyimage.com/186x243.bmp/ff4444/ffffff
612,2,0,http://dummyimage.com/108x242.bmp/5fa2dd/ffffff
984,0,1,http://dummyimage.com/143x209.jpg/ff4444/ffffff
170,0,0,http://dummyimage.com/153x235.png/5fa2dd/ffffff
708,2,0,http://dummyimage.com/168x102.bmp/ff4444/ffffff
673,0,0,http://dummyimage.com/246x160.bmp/ff4444/ffffff
915,2,1,http://dummyimage.com/150x193.jpg/cc0000/ffffff
622,2,1,http://dummyimage.com/138x191.bmp/cc0000/ffffff
812,2,1,http://dummyimage.com/169x157.bmp/5fa2dd/ffffff
751,2,1,http://dummyimage.com/215x178.jpg/5fa2dd/ffffff
485,0,1,http://dummyimage.com/238x142.bmp/cc0000/ffffff
146,1,1,http://dummyimage.com/158x246.bmp/ff4444/ffffff
989,2,1,http://dummyimage.com/227x167.bmp/dddddd/000000
598,2,1,http://dummyimage.com/217x151.bmp/ff4444/ffffff
619,2,1,http://dummyimage.com/133x246.png/ff4444/ffffff
202,1,1,http://dummyimage.com/198x186.bmp/cc0000/ffffff
932,2,0,http://dummyimage.com/208x110.jpg/cc0000/ffffff
763,1,1,http://dummyimage.com/163x235.jpg/5fa2dd/ffffff
92,1,1,http://dummyimage.com/176x134.jpg/cc0000/ffffff
797,2,1,http://dummyimage.com/144x122.bmp/5fa2dd/ffffff
327,1,0,http://dummyimage.com/105x215.jpg/cc0000/ffffff
876,2,1,http://dummyimage.com/189x144.bmp/5fa2dd/ffffff
69,2,0,http://dummyimage.com/222x172.png/dddddd/000000
384,0,1,http://dummyimage.com/114x246.png/cc0000/ffffff
681,0,0,http://dummyimage.com/182x230.jpg/dddddd/000000
156,2,1,http://dummyimage.com/249x172.bmp/dddddd/000000
150,1,1,http://dummyimage.com/180x226.png/5fa2dd/ffffff
201,2,1,http://dummyimage.com/137x209.png/ff4444/ffffff
142,2,1,http://dummyimage.com/119x247.bmp/cc0000/ffffff
502,0,0,http://dummyimage.com/249x169.png/cc0000/ffffff
537,1,0,http://dummyimage.com/195x128.bmp/dddddd/000000
656,2,1,http://dummyimage.com/235x140.bmp/dddddd/000000
223,0,0,http://dummyimage.com/212x216.jpg/5fa2dd/ffffff
531,1,1,http://dummyimage.com/203x198.bmp/dddddd/000000
524,1,0,http://dummyimage.com/228x113.jpg/ff4444/ffffff
466,0,1,http://dummyimage.com/229x241.png/5fa2dd/ffffff
197,2,1,http://dummyimage.com/186x218.jpg/ff4444/ffffff
924,0,1,http://dummyimage.com/198x223.bmp/5fa2dd/ffffff
448,0,0,http://dummyimage.com/188x143.png/dddddd/000000
807,2,0,http://dummyimage.com/238x202.bmp/5fa2dd/ffffff
108,0,1,http://dummyimage.com/102x164.png/ff4444/ffffff
916,1,1,http://dummyimage.com/130x205.png/ff4444/ffffff
187,2,1,http://dummyimage.com/236x198.bmp/ff4444/ffffff
606,2,0,http://dummyimage.com/223x186.png/ff4444/ffffff
541,2,0,http://dummyimage.com/162x180.jpg/ff4444/ffffff
197,1,0,http://dummyimage.com/229x105.bmp/5fa2dd/ffffff
388,0,1,http://dummyimage.com/233x230.bmp/5fa2dd/ffffff
510,2,1,http://dummyimage.com/243x140.bmp/5fa2dd/ffffff
451,0,1,http://dummyimage.com/162x220.png/dddddd/000000
384,2,1,http://dummyimage.com/200x241.bmp/ff4444/ffffff
264,0,1,http://dummyimage.com/221x178.jpg/5fa2dd/ffffff
768,0,0,http://dummyimage.com/209x250.bmp/dddddd/000000
349,0,0,http://dummyimage.com/224x218.jpg/ff4444/ffffff
522,0,1,http://dummyimage.com/152x150.jpg/5fa2dd/ffffff
791,0,1,http://dummyimage.com/139x141.bmp/dddddd/000000
12,1,0,http://dummyimage.com/211x191.png/5fa2dd/ffffff
551,1,1,http://dummyimage.com/226x192.png/5fa2dd/ffffff
672,1,0,http://dummyimage.com/118x165.png/cc0000/ffffff
857,2,0,http://dummyimage.com/168x119.png/cc0000/ffffff
575,2,0,http://dummyimage.com/102x212.png/ff4444/ffffff
220,1,0,http://dummyimage.com/227x214.png/ff4444/ffffff
230,1,1,http://dummyimage.com/227x207.jpg/ff4444/ffffff
964,2,1,http://dummyimage.com/230x160.png/cc0000/ffffff
450,0,0,http://dummyimage.com/152x147.jpg/cc0000/ffffff
647,1,1,http://dummyimage.com/169x195.bmp/cc0000/ffffff
319,1,1,http://dummyimage.com/137x169.bmp/ff4444/ffffff
748,2,0,http://dummyimage.com/213x201.bmp/dddddd/000000
670,0,1,http://dummyimage.com/228x222.bmp/dddddd/000000
544,2,1,http://dummyimage.com/152x128.png/ff4444/ffffff
726,0,1,http://dummyimage.com/193x192.png/ff4444/ffffff
986,0,1,http://dummyimage.com/238x184.png/cc0000/ffffff
195,2,1,http://dummyimage.com/220x219.png/ff4444/ffffff
878,0,0,http://dummyimage.com/160x180.bmp/cc0000/ffffff
373,1,0,http://dummyimage.com/217x180.jpg/cc0000/ffffff
345,1,0,http://dummyimage.com/153x114.jpg/ff4444/ffffff
490,2,0,http://dummyimage.com/114x129.png/5fa2dd/ffffff
588,2,0,http://dummyimage.com/172x144.png/ff4444/ffffff
517,1,1,http://dummyimage.com/156x175.png/5fa2dd/ffffff
125,1,0,http://dummyimage.com/226x107.bmp/5fa2dd/ffffff
78,1,0,http://dummyimage.com/220x183.jpg/ff4444/ffffff
255,1,0,http://dummyimage.com/147x122.bmp/cc0000/ffffff
717,1,0,http://dummyimage.com/118x123.jpg/5fa2dd/ffffff
176,2,1,http://dummyimage.com/192x197.bmp/5fa2dd/ffffff
470,1,0,http://dummyimage.com/248x207.jpg/5fa2dd/ffffff
221,0,0,http://dummyimage.com/239x103.png/5fa2dd/ffffff
459,1,0,http://dummyimage.com/230x115.bmp/5fa2dd/ffffff
109,1,1,http://dummyimage.com/168x200.bmp/dddddd/000000
631,1,0,http://dummyimage.com/221x155.png/ff4444/ffffff
997,2,1,http://dummyimage.com/144x134.png/ff4444/ffffff
577,0,0,http://dummyimage.com/200x245.jpg/dddddd/000000
202,0,0,http://dummyimage.com/191x231.bmp/cc0000/ffffff
186,2,0,http://dummyimage.com/172x172.jpg/cc0000/ffffff
660,0,0,http://dummyimage.com/228x152.png/dddddd/000000
599,0,1,http://dummyimage.com/246x219.jpg/cc0000/ffffff
597,0,0,http://dummyimage.com/192x214.png/cc0000/ffffff
395,2,0,http://dummyimage.com/186x129.png/cc0000/ffffff
311,1,0,http://dummyimage.com/133x190.bmp/5fa2dd/ffffff
514,0,1,http://dummyimage.com/159x113.jpg/cc0000/ffffff
271,1,1,http://dummyimage.com/214x146.bmp/dddddd/000000
437,2,1,http://dummyimage.com/222x183.bmp/cc0000/ffffff
421,2,0,http://dummyimage.com/176x128.png/cc0000/ffffff
256,2,1,http://dummyimage.com/126x130.jpg/dddddd/000000
36,2,0,http://dummyimage.com/188x244.bmp/5fa2dd/ffffff
894,0,1,http://dummyimage.com/190x202.jpg/5fa2dd/ffffff
127,1,1,http://dummyimage.com/237x223.png/cc0000/ffffff
409,2,0,http://dummyimage.com/211x162.png/dddddd/000000
619,0,1,http://dummyimage.com/176x141.jpg/5fa2dd/ffffff
134,1,1,http://dummyimage.com/186x173.jpg/5fa2dd/ffffff
536,2,0,http://dummyimage.com/193x105.bmp/5fa2dd/ffffff
416,0,1,http://dummyimage.com/208x249.jpg/5fa2dd/ffffff
646,2,0,http://dummyimage.com/134x107.png/ff4444/ffffff
535,2,1,http://dummyimage.com/229x126.bmp/ff4444/ffffff
27,2,0,http://dummyimage.com/219x238.png/ff4444/ffffff
133,0,0,http://dummyimage.com/228x192.jpg/ff4444/ffffff
357,1,1,http://dummyimage.com/164x190.jpg/ff4444/ffffff
3,1,0,http://dummyimage.com/107x232.png/dddddd/000000
491,1,0,http://dummyimage.com/155x182.bmp/cc0000/ffffff
810,2,0,http://dummyimage.com/164x156.bmp/ff4444/ffffff
31,1,0,http://dummyimage.com/210x160.jpg/cc0000/ffffff
867,1,1,http://dummyimage.com/138x104.png/ff4444/ffffff
221,1,0,http://dummyimage.com/199x138.png/dddddd/000000
775,2,0,http://dummyimage.com/101x173.bmp/ff4444/ffffff
260,1,1,http://dummyimage.com/121x227.jpg/ff4444/ffffff
120,1,1,http://dummyimage.com/180x151.png/dddddd/000000
115,0,1,http://dummyimage.com/212x136.jpg/dddddd/000000
600,2,1,http://dummyimage.com/127x170.jpg/dddddd/000000
899,0,1,http://dummyimage.com/104x105.png/dddddd/000000
757,1,1,http://dummyimage.com/237x109.png/cc0000/ffffff
873,1,0,http://dummyimage.com/147x146.bmp/ff4444/ffffff
572,0,0,http://dummyimage.com/158x248.bmp/dddddd/000000
581,0,1,http://dummyimage.com/100x213.png/5fa2dd/ffffff
514,0,0,http://dummyimage.com/205x114.png/cc0000/ffffff
470,1,0,http://dummyimage.com/203x203.bmp/5fa2dd/ffffff
623,1,0,http://dummyimage.com/224x227.bmp/5fa2dd/ffffff
494,1,0,http://dummyimage.com/108x109.jpg/cc0000/ffffff
174,0,0,http://dummyimage.com/203x150.jpg/dddddd/000000
531,1,0,http://dummyimage.com/104x206.png/5fa2dd/ffffff
782,2,0,http://dummyimage.com/247x142.png/dddddd/000000
917,2,1,http://dummyimage.com/100x223.jpg/ff4444/ffffff
726,0,0,http://dummyimage.com/133x219.bmp/dddddd/000000
786,1,1,http://dummyimage.com/155x154.png/ff4444/ffffff
668,1,1,http://dummyimage.com/224x108.png/ff4444/ffffff
402,1,0,http://dummyimage.com/209x133.bmp/cc0000/ffffff
273,0,1,http://dummyimage.com/197x198.jpg/5fa2dd/ffffff
272,0,1,http://dummyimage.com/178x241.bmp/5fa2dd/ffffff
383,1,1,http://dummyimage.com/126x158.jpg/cc0000/ffffff
297,1,0,http://dummyimage.com/193x225.jpg/cc0000/ffffff
191,2,1,http://dummyimage.com/226x206.jpg/cc0000/ffffff
861,0,0,http://dummyimage.com/201x194.bmp/cc0000/ffffff
411,0,0,http://dummyimage.com/160x177.jpg/dddddd/000000
769,0,0,http://dummyimage.com/122x151.png/5fa2dd/ffffff
796,2,1,http://dummyimage.com/119x143.jpg/5fa2dd/ffffff
324,0,1,http://dummyimage.com/117x248.jpg/ff4444/ffffff
9,1,1,http://dummyimage.com/101x232.png/ff4444/ffffff
875,2,1,http://dummyimage.com/174x170.png/5fa2dd/ffffff
413,1,1,http://dummyimage.com/181x218.bmp/dddddd/000000
963,2,0,http://dummyimage.com/195x124.png/ff4444/ffffff
213,0,1,http://dummyimage.com/123x161.bmp/ff4444/ffffff
562,0,0,http://dummyimage.com/232x232.jpg/ff4444/ffffff
545,2,0,http://dummyimage.com/103x187.jpg/ff4444/ffffff
329,1,0,http://dummyimage.com/138x214.png/dddddd/000000
255,1,1,http://dummyimage.com/180x145.png/cc0000/ffffff
19,0,0,http://dummyimage.com/235x157.jpg/cc0000/ffffff
263,1,1,http://dummyimage.com/157x226.bmp/dddddd/000000
405,1,0,http://dummyimage.com/143x237.bmp/5fa2dd/ffffff
534,0,0,http://dummyimage.com/116x168.png/cc0000/ffffff
451,0,0,http://dummyimage.com/151x190.png/cc0000/ffffff
357,1,0,http://dummyimage.com/205x222.bmp/5fa2dd/ffffff
607,0,0,http://dummyimage.com/146x166.png/dddddd/000000
44,2,1,http://dummyimage.com/211x135.bmp/5fa2dd/ffffff
292,2,1,http://dummyimage.com/191x168.png/dddddd/000000
899,1,0,http://dummyimage.com/250x222.jpg/dddddd/000000
301,2,1,http://dummyimage.com/125x164.png/dddddd/000000
694,1,1,http://dummyimage.com/112x237.png/5fa2dd/ffffff
323,2,1,http://dummyimage.com/202x250.bmp/ff4444/ffffff
74,1,1,http://dummyimage.com/240x161.jpg/ff4444/ffffff
574,2,1,http://dummyimage.com/157x189.jpg/5fa2dd/ffffff
843,1,1,http://dummyimage.com/107x114.jpg/5fa2dd/ffffff
754,1,1,http://dummyimage.com/139x213.bmp/ff4444/ffffff
354,0,1,http://dummyimage.com/163x244.bmp/5fa2dd/ffffff
49,2,1,http://dummyimage.com/184x215.bmp/ff4444/ffffff
88,2,1,http://dummyimage.com/228x249.bmp/dddddd/000000
855,0,0,http://dummyimage.com/141x168.bmp/ff4444/ffffff
570,1,1,http://dummyimage.com/234x126.bmp/cc0000/ffffff
231,2,0,http://dummyimage.com/182x173.jpg/cc0000/ffffff
733,0,1,http://dummyimage.com/235x153.bmp/cc0000/ffffff
256,0,1,http://dummyimage.com/123x198.bmp/5fa2dd/ffffff
896,0,1,http://dummyimage.com/148x184.bmp/ff4444/ffffff
967,0,0,http://dummyimage.com/182x131.jpg/cc0000/ffffff
414,0,1,http://dummyimage.com/144x215.bmp/ff4444/ffffff
323,2,0,http://dummyimage.com/164x142.png/dddddd/000000
527,0,1,http://dummyimage.com/235x199.png/cc0000/ffffff
337,0,1,http://dummyimage.com/129x146.bmp/cc0000/ffffff
246,1,0,http://dummyimage.com/129x138.png/ff4444/ffffff
333,2,1,http://dummyimage.com/187x118.png/ff4444/ffffff
375,1,0,http://dummyimage.com/216x234.jpg/dddddd/000000
641,1,0,http://dummyimage.com/177x151.jpg/ff4444/ffffff
490,1,1,http://dummyimage.com/143x160.png/cc0000/ffffff
448,0,1,http://dummyimage.com/127x158.png/cc0000/ffffff
25,0,0,http://dummyimage.com/103x250.png/dddddd/000000
969,1,1,http://dummyimage.com/127x145.png/5fa2dd/ffffff
177,1,1,http://dummyimage.com/133x214.png/5fa2dd/ffffff
61,2,1,http://dummyimage.com/145x196.jpg/5fa2dd/ffffff
340,0,1,http://dummyimage.com/176x213.png/dddddd/000000
75,2,1,http://dummyimage.com/107x154.bmp/dddddd/000000
870,0,1,http://dummyimage.com/133x173.bmp/cc0000/ffffff
853,0,1,http://dummyimage.com/110x156.bmp/ff4444/ffffff
151,1,0,http://dummyimage.com/166x212.jpg/ff4444/ffffff
998,0,1,http://dummyimage.com/166x137.jpg/cc0000/ffffff
114,0,1,http://dummyimage.com/249x212.bmp/cc0000/ffffff
496,0,1,http://dummyimage.com/136x104.png/ff4444/ffffff
373,2,1,http://dummyimage.com/152x201.jpg/5fa2dd/ffffff
138,1,1,http://dummyimage.com/153x172.jpg/ff4444/ffffff
16,2,1,http://dummyimage.com/189x247.bmp/dddddd/000000
291,1,0,http://dummyimage.com/146x109.png/dddddd/000000
529,1,1,http://dummyimage.com/176x225.jpg/dddddd/000000
691,2,1,http://dummyimage.com/133x147.png/cc0000/ffffff
823,1,1,http://dummyimage.com/203x124.bmp/cc0000/ffffff
323,1,0,http://dummyimage.com/164x184.jpg/5fa2dd/ffffff
360,2,1,http://dummyimage.com/123x182.jpg/cc0000/ffffff
673,0,1,http://dummyimage.com/108x238.jpg/5fa2dd/ffffff
349,0,0,http://dummyimage.com/133x196.png/5fa2dd/ffffff
21,2,1,http://dummyimage.com/124x120.png/ff4444/ffffff
70,0,1,http://dummyimage.com/185x222.png/ff4444/ffffff
363,2,0,http://dummyimage.com/209x191.png/ff4444/ffffff
854,2,1,http://dummyimage.com/215x122.jpg/ff4444/ffffff
937,1,0,http://dummyimage.com/162x120.png/5fa2dd/ffffff
241,2,0,http://dummyimage.com/188x209.jpg/dddddd/000000
484,1,0,http://dummyimage.com/110x219.jpg/dddddd/000000
637,2,1,http://dummyimage.com/192x122.bmp/cc0000/ffffff
288,1,1,http://dummyimage.com/139x115.jpg/5fa2dd/ffffff
319,0,0,http://dummyimage.com/249x122.bmp/dddddd/000000
526,0,0,http://dummyimage.com/171x174.bmp/dddddd/000000
629,0,1,http://dummyimage.com/175x145.jpg/5fa2dd/ffffff
407,1,1,http://dummyimage.com/211x243.png/dddddd/000000
450,2,1,http://dummyimage.com/229x157.jpg/dddddd/000000
484,2,1,http://dummyimage.com/104x238.png/ff4444/ffffff
15,1,1,http://dummyimage.com/176x164.png/5fa2dd/ffffff
417,2,0,http://dummyimage.com/102x110.png/cc0000/ffffff
884,2,1,http://dummyimage.com/238x190.bmp/dddddd/000000
58,1,0,http://dummyimage.com/197x108.png/dddddd/000000
460,1,1,http://dummyimage.com/228x144.png/5fa2dd/ffffff
378,2,0,http://dummyimage.com/172x206.png/ff4444/ffffff
269,0,0,http://dummyimage.com/152x169.bmp/cc0000/ffffff
676,2,0,http://dummyimage.com/137x158.bmp/5fa2dd/ffffff
987,0,0,http://dummyimage.com/238x163.png/ff4444/ffffff
414,1,0,http://dummyimage.com/168x236.png/ff4444/ffffff
890,1,1,http://dummyimage.com/213x107.png/dddddd/000000
761,1,0,http://dummyimage.com/113x243.png/5fa2dd/ffffff
417,0,0,http://dummyimage.com/190x242.jpg/ff4444/ffffff
703,0,0,http://dummyimage.com/107x129.jpg/ff4444/ffffff
297,0,1,http://dummyimage.com/110x231.bmp/ff4444/ffffff
280,2,1,http://dummyimage.com/104x174.png/5fa2dd/ffffff
312,2,1,http://dummyimage.com/171x123.bmp/5fa2dd/ffffff
849,0,0,http://dummyimage.com/122x153.bmp/ff4444/ffffff
8,2,0,http://dummyimage.com/118x153.jpg/cc0000/ffffff
329,2,0,http://dummyimage.com/177x170.jpg/ff4444/ffffff
989,1,1,http://dummyimage.com/243x219.bmp/dddddd/000000
398,2,0,http://dummyimage.com/216x135.jpg/5fa2dd/ffffff
749,1,0,http://dummyimage.com/241x153.jpg/cc0000/ffffff
5,2,1,http://dummyimage.com/158x224.bmp/ff4444/ffffff
108,2,0,http://dummyimage.com/176x175.jpg/5fa2dd/ffffff
540,0,1,http://dummyimage.com/104x158.jpg/5fa2dd/ffffff
60,2,0,http://dummyimage.com/181x194.png/5fa2dd/ffffff
968,0,1,http://dummyimage.com/146x189.png/ff4444/ffffff
783,2,1,http://dummyimage.com/131x194.bmp/ff4444/ffffff
879,0,0,http://dummyimage.com/216x135.jpg/cc0000/ffffff
74,0,1,http://dummyimage.com/196x182.png/dddddd/000000
457,1,0,http://dummyimage.com/249x131.png/dddddd/000000
366,1,0,http://dummyimage.com/116x141.jpg/dddddd/000000
678,0,0,http://dummyimage.com/196x157.jpg/5fa2dd/ffffff
991,2,1,http://dummyimage.com/239x121.png/dddddd/000000
857,2,1,http://dummyimage.com/137x144.jpg/5fa2dd/ffffff
705,2,0,http://dummyimage.com/206x200.png/cc0000/ffffff
666,0,1,http://dummyimage.com/197x225.bmp/dddddd/000000
699,1,0,http://dummyimage.com/211x185.jpg/5fa2dd/ffffff
212,2,1,http://dummyimage.com/160x123.png/ff4444/ffffff
50,0,0,http://dummyimage.com/110x207.jpg/ff4444/ffffff
130,0,0,http://dummyimage.com/102x151.bmp/ff4444/ffffff
391,1,1,http://dummyimage.com/158x204.jpg/cc0000/ffffff
919,0,1,http://dummyimage.com/111x112.bmp/cc0000/ffffff
371,0,1,http://dummyimage.com/126x151.png/5fa2dd/ffffff
123,0,1,http://dummyimage.com/188x222.png/dddddd/000000
573,1,1,http://dummyimage.com/166x118.bmp/cc0000/ffffff
1000,1,0,http://dummyimage.com/242x136.bmp/ff4444/ffffff
713,1,1,http://dummyimage.com/116x152.jpg/cc0000/ffffff
599,2,0,http://dummyimage.com/142x120.bmp/dddddd/000000
205,2,0,http://dummyimage.com/112x171.bmp/cc0000/ffffff
59,1,1,http://dummyimage.com/217x145.jpg/cc0000/ffffff
567,1,1,http://dummyimage.com/249x108.png/5fa2dd/ffffff
930,1,0,http://dummyimage.com/107x138.png/dddddd/000000
204,2,1,http://dummyimage.com/124x140.jpg/ff4444/ffffff
452,0,0,http://dummyimage.com/204x142.jpg/dddddd/000000
813,1,1,http://dummyimage.com/250x197.jpg/dddddd/000000
612,0,1,http://dummyimage.com/214x151.jpg/dddddd/000000
886,0,0,http://dummyimage.com/163x222.png/dddddd/000000
908,1,1,http://dummyimage.com/208x170.bmp/cc0000/ffffff
151,1,0,http://dummyimage.com/117x110.bmp/dddddd/000000
616,1,0,http://dummyimage.com/194x105.png/cc0000/ffffff
964,1,1,http://dummyimage.com/158x175.bmp/dddddd/000000
612,1,1,http://dummyimage.com/205x230.bmp/ff4444/ffffff
888,1,0,http://dummyimage.com/171x122.jpg/ff4444/ffffff
532,0,1,http://dummyimage.com/103x199.png/ff4444/ffffff
241,2,1,http://dummyimage.com/117x234.jpg/cc0000/ffffff
652,2,0,http://dummyimage.com/217x197.png/dddddd/000000
935,2,1,http://dummyimage.com/244x178.png/ff4444/ffffff
951,1,0,http://dummyimage.com/248x118.jpg/ff4444/ffffff
909,0,0,http://dummyimage.com/200x176.png/cc0000/ffffff
416,0,1,http://dummyimage.com/135x177.png/cc0000/ffffff
587,1,0,http://dummyimage.com/243x249.bmp/5fa2dd/ffffff
354,0,1,http://dummyimage.com/214x120.jpg/dddddd/000000
120,2,0,http://dummyimage.com/182x186.jpg/ff4444/ffffff
969,1,0,http://dummyimage.com/172x243.jpg/5fa2dd/ffffff
255,1,1,http://dummyimage.com/170x181.jpg/ff4444/ffffff
491,0,1,http://dummyimage.com/141x134.bmp/cc0000/ffffff
36,2,0,http://dummyimage.com/119x249.png/cc0000/ffffff
456,2,0,http://dummyimage.com/244x189.png/dddddd/000000
959,1,0,http://dummyimage.com/108x205.jpg/ff4444/ffffff
509,0,1,http://dummyimage.com/178x199.png/cc0000/ffffff
552,0,0,http://dummyimage.com/164x198.bmp/5fa2dd/ffffff
570,2,1,http://dummyimage.com/121x243.bmp/dddddd/000000
96,2,0,http://dummyimage.com/107x146.jpg/cc0000/ffffff
821,2,0,http://dummyimage.com/128x215.jpg/cc0000/ffffff
877,2,1,http://dummyimage.com/181x165.jpg/5fa2dd/ffffff
166,2,0,http://dummyimage.com/223x200.bmp/5fa2dd/ffffff
782,0,1,http://dummyimage.com/248x176.png/cc0000/ffffff
577,1,1,http://dummyimage.com/120x238.png/cc0000/ffffff
252,1,1,http://dummyimage.com/113x156.jpg/5fa2dd/ffffff
952,2,1,http://dummyimage.com/127x117.png/5fa2dd/ffffff
906,1,0,http://dummyimage.com/220x227.jpg/dddddd/000000
801,0,0,http://dummyimage.com/193x224.jpg/dddddd/000000
481,2,1,http://dummyimage.com/128x139.jpg/ff4444/ffffff
376,0,0,http://dummyimage.com/213x214.jpg/cc0000/ffffff
18,1,1,http://dummyimage.com/207x168.jpg/cc0000/ffffff
542,1,0,http://dummyimage.com/144x219.bmp/5fa2dd/ffffff
53,1,0,http://dummyimage.com/193x188.png/dddddd/000000
984,2,1,http://dummyimage.com/184x126.png/dddddd/000000
847,1,0,http://dummyimage.com/145x236.jpg/5fa2dd/ffffff
379,2,1,http://dummyimage.com/237x232.bmp/ff4444/ffffff
75,0,0,http://dummyimage.com/189x167.bmp/dddddd/000000
986,1,0,http://dummyimage.com/188x123.jpg/dddddd/000000
587,2,0,http://dummyimage.com/107x215.jpg/5fa2dd/ffffff
741,0,0,http://dummyimage.com/194x135.png/5fa2dd/ffffff
376,0,1,http://dummyimage.com/127x197.jpg/5fa2dd/ffffff
29,0,1,http://dummyimage.com/115x225.jpg/5fa2dd/ffffff
880,1,1,http://dummyimage.com/129x161.bmp/ff4444/ffffff
619,1,0,http://dummyimage.com/218x223.png/ff4444/ffffff
349,1,0,http://dummyimage.com/224x201.jpg/cc0000/ffffff
172,2,0,http://dummyimage.com/140x149.jpg/ff4444/ffffff
387,0,1,http://dummyimage.com/218x205.png/cc0000/ffffff
881,2,1,http://dummyimage.com/130x193.jpg/dddddd/000000
620,2,0,http://dummyimage.com/167x171.png/dddddd/000000
98,1,1,http://dummyimage.com/114x146.png/cc0000/ffffff
615,0,1,http://dummyimage.com/119x159.png/ff4444/ffffff
262,0,0,http://dummyimage.com/205x205.bmp/ff4444/ffffff
41,0,0,http://dummyimage.com/174x100.png/cc0000/ffffff
5,1,1,http://dummyimage.com/156x146.jpg/ff4444/ffffff
192,1,0,http://dummyimage.com/175x190.png/dddddd/000000
793,2,1,http://dummyimage.com/130x158.png/dddddd/000000
108,0,0,http://dummyimage.com/226x107.png/cc0000/ffffff
297,0,1,http://dummyimage.com/164x201.png/dddddd/000000
69,2,0,http://dummyimage.com/209x215.bmp/ff4444/ffffff
310,0,0,http://dummyimage.com/101x238.jpg/cc0000/ffffff
990,0,1,http://dummyimage.com/198x228.jpg/dddddd/000000
490,1,1,http://dummyimage.com/135x162.png/dddddd/000000
29,0,1,http://dummyimage.com/141x110.jpg/5fa2dd/ffffff
714,2,1,http://dummyimage.com/243x228.png/dddddd/000000
733,0,0,http://dummyimage.com/237x116.png/dddddd/000000
159,2,0,http://dummyimage.com/102x238.png/5fa2dd/ffffff
493,2,1,http://dummyimage.com/156x164.bmp/ff4444/ffffff
423,0,0,http://dummyimage.com/167x192.png/ff4444/ffffff
92,1,0,http://dummyimage.com/180x195.bmp/ff4444/ffffff
431,1,0,http://dummyimage.com/196x142.png/ff4444/ffffff
73,1,0,http://dummyimage.com/184x105.jpg/cc0000/ffffff
260,0,1,http://dummyimage.com/213x113.jpg/cc0000/ffffff
14,1,1,http://dummyimage.com/237x203.jpg/cc0000/ffffff
328,0,1,http://dummyimage.com/162x133.bmp/cc0000/ffffff
398,1,0,http://dummyimage.com/146x181.jpg/dddddd/000000
458,0,0,http://dummyimage.com/243x120.bmp/5fa2dd/ffffff
747,0,1,http://dummyimage.com/234x208.bmp/dddddd/000000
658,2,1,http://dummyimage.com/243x201.jpg/5fa2dd/ffffff
368,2,0,http://dummyimage.com/110x234.jpg/ff4444/ffffff
830,0,1,http://dummyimage.com/249x230.jpg/dddddd/000000
708,0,1,http://dummyimage.com/125x158.bmp/ff4444/ffffff
856,0,0,http://dummyimage.com/150x148.png/ff4444/ffffff
170,2,0,http://dummyimage.com/199x242.png/ff4444/ffffff
513,2,0,http://dummyimage.com/239x109.bmp/5fa2dd/ffffff
257,2,1,http://dummyimage.com/167x184.jpg/5fa2dd/ffffff
120,2,1,http://dummyimage.com/139x133.jpg/dddddd/000000
425,0,1,http://dummyimage.com/162x214.png/ff4444/ffffff
889,2,0,http://dummyimage.com/141x176.png/ff4444/ffffff
275,0,1,http://dummyimage.com/166x161.jpg/cc0000/ffffff
242,0,0,http://dummyimage.com/192x172.bmp/dddddd/000000
268,0,1,http://dummyimage.com/186x209.jpg/cc0000/ffffff
293,0,1,http://dummyimage.com/233x214.jpg/cc0000/ffffff
647,2,0,http://dummyimage.com/156x132.png/dddddd/000000
61,0,0,http://dummyimage.com/226x110.bmp/5fa2dd/ffffff
42,1,1,http://dummyimage.com/183x232.bmp/cc0000/ffffff
109,1,0,http://dummyimage.com/132x179.png/dddddd/000000
419,0,0,http://dummyimage.com/118x233.jpg/5fa2dd/ffffff
277,2,0,http://dummyimage.com/191x184.jpg/5fa2dd/ffffff
78,2,1,http://dummyimage.com/125x132.bmp/5fa2dd/ffffff
287,1,0,http://dummyimage.com/222x208.bmp/dddddd/000000
581,0,0,http://dummyimage.com/151x117.bmp/ff4444/ffffff
704,0,1,http://dummyimage.com/172x110.jpg/5fa2dd/ffffff
163,2,0,http://dummyimage.com/208x238.png/cc0000/ffffff
960,0,1,http://dummyimage.com/144x181.png/cc0000/ffffff
48,1,0,http://dummyimage.com/243x180.png/5fa2dd/ffffff
808,2,1,http://dummyimage.com/118x144.png/cc0000/ffffff
541,2,1,http://dummyimage.com/118x217.png/dddddd/000000
864,2,1,http://dummyimage.com/134x197.png/ff4444/ffffff
722,2,0,http://dummyimage.com/204x208.bmp/ff4444/ffffff
598,1,0,http://dummyimage.com/248x175.bmp/5fa2dd/ffffff
565,1,0,http://dummyimage.com/193x111.bmp/cc0000/ffffff
880,2,0,http://dummyimage.com/215x211.bmp/5fa2dd/ffffff
853,0,1,http://dummyimage.com/132x234.jpg/dddddd/000000
764,2,0,http://dummyimage.com/205x213.png/dddddd/000000
930,1,0,http://dummyimage.com/224x146.png/5fa2dd/ffffff
611,2,0,http://dummyimage.com/164x190.jpg/dddddd/000000
745,2,0,http://dummyimage.com/156x212.bmp/ff4444/ffffff
537,2,1,http://dummyimage.com/227x130.bmp/dddddd/000000
119,1,1,http://dummyimage.com/222x211.bmp/ff4444/ffffff
881,0,1,http://dummyimage.com/169x159.bmp/5fa2dd/ffffff
424,2,0,http://dummyimage.com/149x182.png/5fa2dd/ffffff
184,0,0,http://dummyimage.com/182x201.bmp/dddddd/000000
205,2,0,http://dummyimage.com/228x225.png/ff4444/ffffff
422,1,1,http://dummyimage.com/128x204.bmp/5fa2dd/ffffff
643,2,1,http://dummyimage.com/170x246.jpg/ff4444/ffffff
6,1,0,http://dummyimage.com/117x122.bmp/cc0000/ffffff
990,1,0,http://dummyimage.com/123x116.jpg/5fa2dd/ffffff
445,0,1,http://dummyimage.com/137x156.jpg/5fa2dd/ffffff
972,0,1,http://dummyimage.com/191x149.jpg/ff4444/ffffff
703,0,0,http://dummyimage.com/105x137.bmp/ff4444/ffffff
565,1,0,http://dummyimage.com/250x226.jpg/dddddd/000000
900,0,0,http://dummyimage.com/220x240.jpg/5fa2dd/ffffff
185,2,0,http://dummyimage.com/154x116.jpg/dddddd/000000
805,1,0,http://dummyimage.com/124x140.png/ff4444/ffffff
434,2,1,http://dummyimage.com/198x156.png/cc0000/ffffff
948,0,1,http://dummyimage.com/165x154.bmp/5fa2dd/ffffff
467,0,0,http://dummyimage.com/157x159.bmp/cc0000/ffffff
425,1,1,http://dummyimage.com/187x209.bmp/cc0000/ffffff
658,2,0,http://dummyimage.com/244x231.png/5fa2dd/ffffff
704,0,1,http://dummyimage.com/115x134.bmp/5fa2dd/ffffff
737,1,1,http://dummyimage.com/104x150.png/ff4444/ffffff
631,0,1,http://dummyimage.com/195x148.jpg/cc0000/ffffff
953,2,1,http://dummyimage.com/118x195.png/5fa2dd/ffffff
459,2,1,http://dummyimage.com/167x140.jpg/5fa2dd/ffffff
329,0,0,http://dummyimage.com/127x230.png/5fa2dd/ffffff
844,2,0,http://dummyimage.com/234x226.bmp/ff4444/ffffff
594,1,0,http://dummyimage.com/151x166.png/ff4444/ffffff
329,0,0,http://dummyimage.com/150x147.jpg/5fa2dd/ffffff
331,1,0,http://dummyimage.com/102x190.bmp/cc0000/ffffff
327,1,1,http://dummyimage.com/205x175.png/5fa2dd/ffffff
154,2,0,http://dummyimage.com/111x220.bmp/dddddd/000000
830,2,1,http://dummyimage.com/190x182.jpg/dddddd/000000
9,1,1,http://dummyimage.com/186x217.jpg/ff4444/ffffff
312,2,0,http://dummyimage.com/101x140.jpg/dddddd/000000
692,0,0,http://dummyimage.com/106x210.bmp/ff4444/ffffff
677,2,1,http://dummyimage.com/183x173.bmp/ff4444/ffffff
310,1,1,http://dummyimage.com/131x209.bmp/cc0000/ffffff
320,1,1,http://dummyimage.com/199x209.jpg/dddddd/000000
747,2,1,http://dummyimage.com/223x120.bmp/5fa2dd/ffffff
33,0,1,http://dummyimage.com/114x182.png/dddddd/000000
153,2,0,http://dummyimage.com/176x140.png/cc0000/ffffff
870,0,0,http://dummyimage.com/247x246.jpg/dddddd/000000
14,0,1,http://dummyimage.com/119x197.bmp/dddddd/000000
719,2,1,http://dummyimage.com/146x232.jpg/5fa2dd/ffffff
352,2,0,http://dummyimage.com/101x123.bmp/cc0000/ffffff
243,1,0,http://dummyimage.com/183x183.png/cc0000/ffffff
742,2,0,http://dummyimage.com/121x113.jpg/cc0000/ffffff
558,2,1,http://dummyimage.com/175x141.png/dddddd/000000
449,1,1,http://dummyimage.com/150x150.bmp/cc0000/ffffff
887,1,0,http://dummyimage.com/147x192.bmp/5fa2dd/ffffff
24,2,0,http://dummyimage.com/217x158.jpg/5fa2dd/ffffff
125,0,1,http://dummyimage.com/231x180.jpg/ff4444/ffffff
782,0,1,http://dummyimage.com/181x231.bmp/cc0000/ffffff
313,0,0,http://dummyimage.com/172x190.jpg/ff4444/ffffff
445,0,0,http://dummyimage.com/200x155.jpg/5fa2dd/ffffff
68,1,0,http://dummyimage.com/102x193.bmp/5fa2dd/ffffff
622,2,0,http://dummyimage.com/216x140.png/5fa2dd/ffffff
523,2,1,http://dummyimage.com/140x151.png/cc0000/ffffff
824,2,0,http://dummyimage.com/244x101.bmp/ff4444/ffffff
200,2,1,http://dummyimage.com/127x153.png/5fa2dd/ffffff
202,2,1,http://dummyimage.com/230x250.jpg/ff4444/ffffff
567,2,0,http://dummyimage.com/178x161.jpg/5fa2dd/ffffff
86,1,1,http://dummyimage.com/194x153.png/5fa2dd/ffffff
348,1,1,http://dummyimage.com/179x113.bmp/5fa2dd/ffffff
596,1,1,http://dummyimage.com/227x118.png/cc0000/ffffff
116,0,1,http://dummyimage.com/199x125.bmp/dddddd/000000
677,0,1,http://dummyimage.com/137x146.bmp/dddddd/000000
464,1,1,http://dummyimage.com/232x166.bmp/ff4444/ffffff
408,0,0,http://dummyimage.com/242x216.png/cc0000/ffffff
82,1,1,http://dummyimage.com/197x212.bmp/cc0000/ffffff
565,2,0,http://dummyimage.com/103x136.jpg/ff4444/ffffff
333,0,0,http://dummyimage.com/197x176.png/5fa2dd/ffffff
380,0,1,http://dummyimage.com/187x147.bmp/ff4444/ffffff
391,1,1,http://dummyimage.com/200x241.bmp/5fa2dd/ffffff
735,0,0,http://dummyimage.com/186x179.jpg/ff4444/ffffff
484,1,0,http://dummyimage.com/221x151.jpg/cc0000/ffffff
279,2,1,http://dummyimage.com/112x127.bmp/dddddd/000000
129,1,1,http://dummyimage.com/194x115.png/5fa2dd/ffffff
402,2,1,http://dummyimage.com/170x130.png/ff4444/ffffff
491,0,0,http://dummyimage.com/208x173.jpg/5fa2dd/ffffff
43,0,1,http://dummyimage.com/202x199.jpg/cc0000/ffffff
119,1,1,http://dummyimage.com/142x106.bmp/ff4444/ffffff
142,2,1,http://dummyimage.com/119x140.jpg/ff4444/ffffff
67,0,1,http://dummyimage.com/237x171.bmp/cc0000/ffffff
807,2,1,http://dummyimage.com/108x176.png/5fa2dd/ffffff
851,0,1,http://dummyimage.com/133x141.png/ff4444/ffffff
672,1,0,http://dummyimage.com/225x113.jpg/5fa2dd/ffffff
285,0,0,http://dummyimage.com/108x232.png/ff4444/ffffff
616,2,0,http://dummyimage.com/143x179.jpg/ff4444/ffffff
923,1,0,http://dummyimage.com/134x250.bmp/ff4444/ffffff
780,1,1,http://dummyimage.com/192x130.png/cc0000/ffffff
72,1,1,http://dummyimage.com/126x214.bmp/cc0000/ffffff
70,1,1,http://dummyimage.com/197x170.bmp/cc0000/ffffff
505,0,0,http://dummyimage.com/186x167.png/ff4444/ffffff
711,0,0,http://dummyimage.com/160x190.bmp/dddddd/000000
944,0,1,http://dummyimage.com/180x140.jpg/ff4444/ffffff
249,1,0,http://dummyimage.com/179x156.bmp/5fa2dd/ffffff
904,0,0,http://dummyimage.com/163x140.jpg/ff4444/ffffff
829,1,0,http://dummyimage.com/174x158.bmp/ff4444/ffffff
777,0,1,http://dummyimage.com/205x210.jpg/dddddd/000000
504,2,0,http://dummyimage.com/244x121.jpg/cc0000/ffffff
788,1,0,http://dummyimage.com/119x114.jpg/cc0000/ffffff
302,1,1,http://dummyimage.com/173x182.jpg/dddddd/000000
301,2,0,http://dummyimage.com/166x184.png/ff4444/ffffff
400,0,1,http://dummyimage.com/130x172.png/ff4444/ffffff
335,1,1,http://dummyimage.com/134x179.jpg/dddddd/000000
396,1,0,http://dummyimage.com/150x100.jpg/dddddd/000000
641,2,0,http://dummyimage.com/164x188.jpg/dddddd/000000
942,1,0,http://dummyimage.com/214x215.png/5fa2dd/ffffff
616,2,0,http://dummyimage.com/199x154.bmp/dddddd/000000
312,2,0,http://dummyimage.com/248x236.png/dddddd/000000
55,2,0,http://dummyimage.com/207x101.png/5fa2dd/ffffff
507,2,0,http://dummyimage.com/240x225.bmp/cc0000/ffffff
287,2,1,http://dummyimage.com/244x127.jpg/ff4444/ffffff
592,0,1,http://dummyimage.com/114x117.png/dddddd/000000
195,1,0,http://dummyimage.com/247x179.png/5fa2dd/ffffff
831,0,0,http://dummyimage.com/130x244.png/cc0000/ffffff
336,1,0,http://dummyimage.com/131x224.png/dddddd/000000
191,2,0,http://dummyimage.com/110x171.png/5fa2dd/ffffff
39,0,0,http://dummyimage.com/111x157.bmp/dddddd/000000
210,1,0,http://dummyimage.com/127x153.png/ff4444/ffffff
986,1,0,http://dummyimage.com/147x194.jpg/5fa2dd/ffffff
17,2,0,http://dummyimage.com/204x203.jpg/dddddd/000000
596,1,1,http://dummyimage.com/127x100.bmp/ff4444/ffffff
994,2,0,http://dummyimage.com/165x195.png/ff4444/ffffff
463,0,1,http://dummyimage.com/161x193.png/cc0000/ffffff
882,2,1,http://dummyimage.com/203x132.bmp/5fa2dd/ffffff
296,0,0,http://dummyimage.com/132x241.png/ff4444/ffffff
774,1,0,http://dummyimage.com/191x131.jpg/cc0000/ffffff
437,0,1,http://dummyimage.com/141x202.jpg/ff4444/ffffff
379,1,1,http://dummyimage.com/230x226.jpg/ff4444/ffffff
588,2,1,http://dummyimage.com/151x212.png/5fa2dd/ffffff
94,0,1,http://dummyimage.com/148x108.bmp/ff4444/ffffff
606,2,1,http://dummyimage.com/193x149.png/dddddd/000000
756,1,0,http://dummyimage.com/163x173.jpg/ff4444/ffffff
607,1,1,http://dummyimage.com/245x102.bmp/5fa2dd/ffffff
582,2,0,http://dummyimage.com/156x118.bmp/ff4444/ffffff
101,0,1,http://dummyimage.com/246x131.bmp/ff4444/ffffff
894,0,1,http://dummyimage.com/203x162.bmp/dddddd/000000
206,1,0,http://dummyimage.com/140x238.jpg/dddddd/000000
22,1,1,http://dummyimage.com/104x118.jpg/5fa2dd/ffffff
985,1,1,http://dummyimage.com/156x144.bmp/5fa2dd/ffffff
463,0,1,http://dummyimage.com/200x237.png/ff4444/ffffff
433,2,0,http://dummyimage.com/108x120.jpg/cc0000/ffffff
60,2,0,http://dummyimage.com/220x165.png/5fa2dd/ffffff
211,0,1,http://dummyimage.com/120x204.bmp/ff4444/ffffff
561,1,1,http://dummyimage.com/125x242.jpg/cc0000/ffffff
32,0,0,http://dummyimage.com/234x165.bmp/dddddd/000000
774,0,0,http://dummyimage.com/174x166.jpg/ff4444/ffffff
868,1,1,http://dummyimage.com/167x106.png/cc0000/ffffff
466,2,1,http://dummyimage.com/119x185.jpg/5fa2dd/ffffff
704,1,0,http://dummyimage.com/144x188.jpg/5fa2dd/ffffff
144,0,0,http://dummyimage.com/115x132.png/5fa2dd/ffffff
824,1,1,http://dummyimage.com/141x147.jpg/ff4444/ffffff
670,1,1,http://dummyimage.com/246x238.bmp/ff4444/ffffff
198,1,0,http://dummyimage.com/127x111.png/5fa2dd/ffffff
828,0,0,http://dummyimage.com/104x172.jpg/dddddd/000000
190,1,0,http://dummyimage.com/161x238.png/cc0000/ffffff
750,0,0,http://dummyimage.com/177x197.bmp/dddddd/000000
120,2,1,http://dummyimage.com/109x197.bmp/5fa2dd/ffffff
940,1,1,http://dummyimage.com/189x148.png/ff4444/ffffff
225,2,1,http://dummyimage.com/230x112.jpg/5fa2dd/ffffff
615,2,1,http://dummyimage.com/238x129.jpg/dddddd/000000
102,1,1,http://dummyimage.com/119x198.png/dddddd/000000
335,0,0,http://dummyimage.com/102x228.bmp/5fa2dd/ffffff
200,0,1,http://dummyimage.com/229x167.bmp/cc0000/ffffff
696,1,0,http://dummyimage.com/114x136.jpg/cc0000/ffffff
465,2,1,http://dummyimage.com/106x171.png/5fa2dd/ffffff
273,0,1,http://dummyimage.com/179x113.png/ff4444/ffffff
705,2,1,http://dummyimage.com/219x168.bmp/5fa2dd/ffffff
89,0,0,http://dummyimage.com/211x115.png/dddddd/000000
611,1,1,http://dummyimage.com/200x182.png/dddddd/000000
242,1,1,http://dummyimage.com/125x227.jpg/dddddd/000000
176,2,0,http://dummyimage.com/242x235.jpg/5fa2dd/ffffff
125,2,0,http://dummyimage.com/156x102.jpg/dddddd/000000
339,0,1,http://dummyimage.com/233x149.bmp/cc0000/ffffff
378,1,1,http://dummyimage.com/156x196.bmp/cc0000/ffffff
329,0,1,http://dummyimage.com/132x165.bmp/ff4444/ffffff
4,2,1,http://dummyimage.com/138x122.jpg/dddddd/000000
552,0,1,http://dummyimage.com/126x238.bmp/5fa2dd/ffffff
440,2,1,http://dummyimage.com/248x126.jpg/dddddd/000000
683,0,1,http://dummyimage.com/216x115.jpg/dddddd/000000
730,2,0,http://dummyimage.com/245x122.jpg/cc0000/ffffff
751,1,0,http://dummyimage.com/228x224.png/5fa2dd/ffffff
802,0,0,http://dummyimage.com/142x149.jpg/dddddd/000000
570,0,0,http://dummyimage.com/229x166.png/5fa2dd/ffffff
299,2,1,http://dummyimage.com/106x176.png/cc0000/ffffff
53,1,0,http://dummyimage.com/138x164.bmp/dddddd/000000
546,0,0,http://dummyimage.com/145x239.png/5fa2dd/ffffff
775,1,0,http://dummyimage.com/221x141.png/ff4444/ffffff
845,1,1,http://dummyimage.com/151x109.bmp/ff4444/ffffff
480,0,1,http://dummyimage.com/168x250.jpg/cc0000/ffffff
664,0,0,http://dummyimage.com/170x119.jpg/cc0000/ffffff
583,2,1,http://dummyimage.com/165x144.png/ff4444/ffffff
410,2,1,http://dummyimage.com/168x232.bmp/dddddd/000000
192,0,0,http://dummyimage.com/246x141.png/ff4444/ffffff
383,2,0,http://dummyimage.com/194x152.jpg/dddddd/000000
616,1,0,http://dummyimage.com/167x184.bmp/5fa2dd/ffffff
635,2,0,http://dummyimage.com/235x127.png/dddddd/000000
800,0,0,http://dummyimage.com/119x241.png/ff4444/ffffff
913,0,0,http://dummyimage.com/214x100.bmp/5fa2dd/ffffff
186,2,1,http://dummyimage.com/100x237.jpg/cc0000/ffffff
719,0,0,http://dummyimage.com/132x166.png/5fa2dd/ffffff
487,0,1,http://dummyimage.com/166x214.jpg/cc0000/ffffff
301,2,1,http://dummyimage.com/223x233.png/5fa2dd/ffffff
524,1,0,http://dummyimage.com/166x236.bmp/cc0000/ffffff
453,0,0,http://dummyimage.com/129x128.bmp/ff4444/ffffff
379,0,1,http://dummyimage.com/139x128.png/ff4444/ffffff
667,2,1,http://dummyimage.com/130x139.png/cc0000/ffffff
757,0,0,http://dummyimage.com/228x201.bmp/ff4444/ffffff
182,2,0,http://dummyimage.com/199x182.bmp/5fa2dd/ffffff
364,1,0,http://dummyimage.com/240x129.jpg/cc0000/ffffff
703,0,1,http://dummyimage.com/159x139.png/cc0000/ffffff
707,1,0,http://dummyimage.com/119x169.jpg/ff4444/ffffff
814,2,0,http://dummyimage.com/136x157.bmp/cc0000/ffffff
39,2,1,http://dummyimage.com/109x226.bmp/cc0000/ffffff
622,0,0,http://dummyimage.com/120x235.png/5fa2dd/ffffff
547,0,1,http://dummyimage.com/189x192.jpg/5fa2dd/ffffff
3,2,0,http://dummyimage.com/139x117.png/cc0000/ffffff
794,1,1,http://dummyimage.com/194x131.bmp/cc0000/ffffff
11,1,0,http://dummyimage.com/145x189.png/dddddd/000000
581,1,0,http://dummyimage.com/151x236.jpg/5fa2dd/ffffff
785,1,1,http://dummyimage.com/159x221.bmp/ff4444/ffffff
97,1,1,http://dummyimage.com/167x154.jpg/dddddd/000000
751,0,1,http://dummyimage.com/221x225.bmp/cc0000/ffffff
758,2,1,http://dummyimage.com/140x217.bmp/5fa2dd/ffffff
613,1,1,http://dummyimage.com/240x100.bmp/5fa2dd/ffffff
427,0,1,http://dummyimage.com/216x177.png/cc0000/ffffff
345,0,0,http://dummyimage.com/135x226.png/dddddd/000000
976,1,0,http://dummyimage.com/120x196.jpg/cc0000/ffffff
812,1,1,http://dummyimage.com/243x145.jpg/ff4444/ffffff
315,1,0,http://dummyimage.com/181x190.jpg/ff4444/ffffff
814,0,0,http://dummyimage.com/244x240.bmp/dddddd/000000
839,2,0,http://dummyimage.com/161x165.bmp/dddddd/000000
792,1,0,http://dummyimage.com/137x153.jpg/dddddd/000000
712,2,1,http://dummyimage.com/105x240.bmp/cc0000/ffffff
467,0,1,http://dummyimage.com/214x110.bmp/ff4444/ffffff
91,0,1,http://dummyimage.com/118x231.jpg/dddddd/000000
284,1,0,http://dummyimage.com/243x121.png/dddddd/000000
929,1,0,http://dummyimage.com/225x228.bmp/5fa2dd/ffffff
213,2,0,http://dummyimage.com/209x220.bmp/cc0000/ffffff
662,2,1,http://dummyimage.com/243x152.png/cc0000/ffffff
864,0,0,http://dummyimage.com/150x180.bmp/dddddd/000000
880,1,0,http://dummyimage.com/142x249.png/ff4444/ffffff
434,0,1,http://dummyimage.com/227x215.jpg/cc0000/ffffff
913,0,1,http://dummyimage.com/213x213.jpg/5fa2dd/ffffff
303,0,1,http://dummyimage.com/236x225.bmp/cc0000/ffffff
500,2,1,http://dummyimage.com/228x113.png/dddddd/000000
465,1,1,http://dummyimage.com/210x183.jpg/cc0000/ffffff
984,2,1,http://dummyimage.com/216x249.jpg/ff4444/ffffff
975,2,0,http://dummyimage.com/209x247.png/cc0000/ffffff
81,2,0,http://dummyimage.com/128x182.bmp/5fa2dd/ffffff
433,2,1,http://dummyimage.com/189x208.png/ff4444/ffffff
566,1,0,http://dummyimage.com/138x221.bmp/cc0000/ffffff
666,0,0,http://dummyimage.com/155x149.png/cc0000/ffffff
976,2,0,http://dummyimage.com/123x142.bmp/dddddd/000000
127,2,1,http://dummyimage.com/113x231.bmp/dddddd/000000
792,2,1,http://dummyimage.com/237x131.png/ff4444/ffffff
473,2,0,http://dummyimage.com/211x168.jpg/cc0000/ffffff
456,0,0,http://dummyimage.com/191x154.png/cc0000/ffffff
883,1,1,http://dummyimage.com/135x199.png/dddddd/000000
165,1,1,http://dummyimage.com/231x240.png/5fa2dd/ffffff
610,2,1,http://dummyimage.com/125x130.jpg/cc0000/ffffff
426,2,0,http://dummyimage.com/117x122.bmp/ff4444/ffffff
488,2,0,http://dummyimage.com/161x237.png/ff4444/ffffff
528,2,1,http://dummyimage.com/161x186.bmp/cc0000/ffffff
414,1,1,http://dummyimage.com/193x182.png/cc0000/ffffff
595,0,1,http://dummyimage.com/121x205.png/5fa2dd/ffffff
989,0,1,http://dummyimage.com/115x161.jpg/dddddd/000000
149,1,1,http://dummyimage.com/230x240.png/ff4444/ffffff
806,2,0,http://dummyimage.com/188x105.jpg/5fa2dd/ffffff
262,2,1,http://dummyimage.com/164x159.bmp/ff4444/ffffff
144,1,1,http://dummyimage.com/194x138.jpg/cc0000/ffffff
314,2,0,http://dummyimage.com/131x112.png/cc0000/ffffff
975,0,0,http://dummyimage.com/100x167.png/5fa2dd/ffffff
548,0,0,http://dummyimage.com/236x242.jpg/dddddd/000000
839,1,1,http://dummyimage.com/227x118.jpg/cc0000/ffffff
382,2,1,http://dummyimage.com/223x207.bmp/cc0000/ffffff
846,0,1,http://dummyimage.com/176x103.bmp/cc0000/ffffff
42,2,1,http://dummyimage.com/171x209.bmp/dddddd/000000
618,2,1,http://dummyimage.com/232x126.jpg/ff4444/ffffff
885,0,1,http://dummyimage.com/232x211.bmp/ff4444/ffffff
726,2,0,http://dummyimage.com/141x156.png/ff4444/ffffff
967,2,1,http://dummyimage.com/167x124.bmp/cc0000/ffffff
351,0,0,http://dummyimage.com/212x234.png/ff4444/ffffff
356,2,1,http://dummyimage.com/220x126.png/dddddd/000000
978,0,1,http://dummyimage.com/114x212.jpg/dddddd/000000
535,0,0,http://dummyimage.com/141x223.bmp/5fa2dd/ffffff
459,2,0,http://dummyimage.com/208x247.png/ff4444/ffffff
429,2,1,http://dummyimage.com/106x103.png/ff4444/ffffff
29,1,1,http://dummyimage.com/243x114.png/5fa2dd/ffffff
935,0,0,http://dummyimage.com/149x128.jpg/cc0000/ffffff
694,0,1,http://dummyimage.com/212x210.bmp/cc0000/ffffff
999,2,1,http://dummyimage.com/159x209.png/ff4444/ffffff
676,0,0,http://dummyimage.com/122x192.jpg/ff4444/ffffff
880,0,1,http://dummyimage.com/116x229.bmp/5fa2dd/ffffff
129,2,1,http://dummyimage.com/142x227.bmp/dddddd/000000
958,0,0,http://dummyimage.com/100x148.bmp/dddddd/000000
660,1,1,http://dummyimage.com/177x163.bmp/dddddd/000000
289,1,0,http://dummyimage.com/143x131.jpg/cc0000/ffffff
644,2,1,http://dummyimage.com/120x114.png/ff4444/ffffff
601,0,1,http://dummyimage.com/104x107.bmp/cc0000/ffffff
731,2,1,http://dummyimage.com/221x142.jpg/cc0000/ffffff
841,1,0,http://dummyimage.com/220x107.jpg/5fa2dd/ffffff
979,2,0,http://dummyimage.com/192x238.png/ff4444/ffffff
680,2,1,http://dummyimage.com/170x119.png/dddddd/000000
807,2,1,http://dummyimage.com/199x196.bmp/ff4444/ffffff
614,2,1,http://dummyimage.com/227x101.jpg/ff4444/ffffff
721,0,1,http://dummyimage.com/142x152.jpg/5fa2dd/ffffff
284,1,1,http://dummyimage.com/247x227.jpg/cc0000/ffffff
529,0,0,http://dummyimage.com/203x230.png/5fa2dd/ffffff
869,2,1,http://dummyimage.com/102x212.jpg/5fa2dd/ffffff
982,1,0,http://dummyimage.com/217x219.bmp/5fa2dd/ffffff
769,2,1,http://dummyimage.com/101x219.jpg/5fa2dd/ffffff
447,2,0,http://dummyimage.com/165x155.jpg/cc0000/ffffff
455,0,0,http://dummyimage.com/160x123.bmp/dddddd/000000
951,1,1,http://dummyimage.com/177x242.jpg/5fa2dd/ffffff
366,0,0,http://dummyimage.com/194x140.jpg/cc0000/ffffff
113,0,0,http://dummyimage.com/217x133.bmp/5fa2dd/ffffff
734,2,1,http://dummyimage.com/214x144.bmp/5fa2dd/ffffff
