id,tipoID,login,relacionU
5322153624,CEDULA,-treams0,TRABAJADOR
5625279292,PASAPORTE,-mmerrien1,TRABAJADOR
4663290116,CEDULA,-tmartinolli2,TRABAJADOR
2935882989,PASAPORTE,-imowsley3,TRABAJADOR
9724988198,CARNET_U,-flinneman4,TRABAJADOR
2067212613,CARNET_U,-cmycock5,ESTUDIANTE
0406948275,CARNET_U,-mofearguise6,ESTUDIANTE
1016745699,CARNET_U,-bgromley7,TRABAJADOR
3338012713,PASAPORTE,-bbutfield8,TRABAJADOR
2976258112,PASAPORTE,-clightowlers9,ESTUDIANTE
4458290983,CEDULA,-laccombea,TRABAJADOR
0285333240,PASAPORTE,-msertinb,ESTUDIANTE
1315895420,CEDULA,-adivinec,ESTUDIANTE
7644336338,CARNET_U,-oeminsond,PROFESOR
3810540013,CEDULA,-sgoodreide,TRABAJADOR
3724314477,CEDULA,-apinchenf,TRABAJADOR
9779710108,CARNET_U,-ecoulthardg,ESTUDIANTE
6441766965,CARNET_U,-dblazevich,TRABAJADOR
5712455757,PASAPORTE,-tpuckinghornei,PROFESOR
4672286282,CARNET_U,-cheijnej,ESTUDIANTE
6993056208,CEDULA,-aewensk,ESTUDIANTE
4885584175,CEDULA,-rpallel,PROFESOR
4455746889,PASAPORTE,-rcobainm,ESTUDIANTE
1641510463,CARNET_U,-cbonniern,ESTUDIANTE
2167760353,CEDULA,-rphalipo,TRABAJADOR
5632684199,CEDULA,-gfronczakp,ESTUDIANTE
5392695965,CEDULA,-smatzelq,TRABAJADOR
5998943570,PASAPORTE,-woxxr,TRABAJADOR
9712849708,CEDULA,-dmogras,TRABAJADOR
4344191021,CEDULA,-cbolinot,PROFESOR
0176391509,CARNET_U,-khayseyu,ESTUDIANTE
0229619916,CARNET_U,-cconisbeev,ESTUDIANTE
6669085516,CEDULA,-jkimblingw,TRABAJADOR
2378603533,CARNET_U,-yverdyx,PROFESOR
1171011997,CEDULA,-evealy,TRABAJADOR
1177178680,CARNET_U,-ppizzeyz,ESTUDIANTE
0810658755,PASAPORTE,-rmacallaster10,PROFESOR
8601306454,CARNET_U,-mgiovannoni11,ESTUDIANTE
5173870001,PASAPORTE,-ncholton12,ESTUDIANTE
8033182938,CARNET_U,-msterndale13,TRABAJADOR
5723541072,PASAPORTE,-cklyner14,ESTUDIANTE
2340281695,PASAPORTE,-acricket15,ESTUDIANTE
5240132690,CARNET_U,-othrossell16,PROFESOR
5431710672,PASAPORTE,-hgellately17,ESTUDIANTE
8954417418,CEDULA,-lsillwood18,ESTUDIANTE
8545103794,CEDULA,-vbernuzzi19,PROFESOR
8239538290,PASAPORTE,-mlebrum1a,PROFESOR
1384163476,PASAPORTE,-aadvani1b,TRABAJADOR
2874543640,CARNET_U,-cfronek1c,TRABAJADOR
4425486366,CARNET_U,-gdog1d,TRABAJADOR
3513745281,CARNET_U,-kcheer1e,PROFESOR
9323559180,CEDULA,-gwands1f,TRABAJADOR
9405190261,CARNET_U,-jduffil1g,ESTUDIANTE
1685304532,CARNET_U,-rfruish1h,PROFESOR
9987087841,PASAPORTE,-bhowler1i,TRABAJADOR
4417348936,CEDULA,-dsempill1j,ESTUDIANTE
8284315173,PASAPORTE,-mgosnall1k,TRABAJADOR
2261230109,PASAPORTE,-ccollingridge1l,PROFESOR
6122158798,PASAPORTE,-epate1m,TRABAJADOR
8112325243,CARNET_U,-easmus1n,TRABAJADOR
9909910012,PASAPORTE,-lgambrell1o,ESTUDIANTE
6210490859,PASAPORTE,-apedrocco1p,TRABAJADOR
3476876136,PASAPORTE,-kdowles1q,TRABAJADOR
9406541963,CEDULA,-jgally1r,TRABAJADOR
9570537868,PASAPORTE,-agoldsmith1s,ESTUDIANTE
7842281343,CEDULA,-nhesey1t,PROFESOR
5340059847,PASAPORTE,-bsimcock1u,PROFESOR
0011978767,PASAPORTE,-tbrodest1v,TRABAJADOR
7436550314,CEDULA,-jgubbin1w,PROFESOR
0482179759,CEDULA,-dpavelin1x,TRABAJADOR
1887208763,CARNET_U,-kdoyly1y,ESTUDIANTE
1500433209,CARNET_U,-dalbinson1z,TRABAJADOR
1281004413,PASAPORTE,-dmcalinden20,PROFESOR
2178639925,CARNET_U,-nwestraw21,TRABAJADOR
0819974420,CARNET_U,-bmusicka22,TRABAJADOR
1083827820,PASAPORTE,-clydden23,TRABAJADOR
7470653546,CEDULA,-kbarrington24,TRABAJADOR
5389492838,CARNET_U,-ffarfolomeev25,PROFESOR
1099702658,PASAPORTE,-mgudd26,TRABAJADOR
8281347783,CARNET_U,-ctaylder27,ESTUDIANTE
8203206476,CEDULA,-sreeders28,PROFESOR
1394910592,PASAPORTE,-wfarman29,ESTUDIANTE
5135268251,CEDULA,-bcrookall2a,PROFESOR
2869731132,CEDULA,-bheavyside2b,TRABAJADOR
8082998733,PASAPORTE,-deliesco2c,TRABAJADOR
4312807787,CARNET_U,-lramsdale2d,TRABAJADOR
1991007116,PASAPORTE,-epollastrino2e,TRABAJADOR
6291852799,CARNET_U,-ogoshawk2f,TRABAJADOR
4093090181,CEDULA,-iewings2g,ESTUDIANTE
0245831568,PASAPORTE,-cfaill2h,PROFESOR
5233692031,PASAPORTE,-wdukes2i,PROFESOR
6827146391,CARNET_U,-dmaffioletti2j,PROFESOR
5199136291,CARNET_U,-fbeagley2k,TRABAJADOR
8143144372,CARNET_U,-egilfether2l,TRABAJADOR
9243286870,CARNET_U,-apearne2m,TRABAJADOR
0062291033,CEDULA,-jrainford2n,PROFESOR
0066875897,CARNET_U,-tlaurenceau2o,ESTUDIANTE
7969378986,CARNET_U,-cjanacek2p,TRABAJADOR
0696062496,CEDULA,-getchingham2q,TRABAJADOR
2743071818,CEDULA,-llebond2r,TRABAJADOR
5193653480,CARNET_U,-zfollos2s,TRABAJADOR
4040648358,CARNET_U,-aphilson2t,PROFESOR
3193946990,CEDULA,-lmcquaid2u,ESTUDIANTE
6435983151,PASAPORTE,-bbrokenbrow2v,TRABAJADOR
6069618033,PASAPORTE,-drupprecht2w,ESTUDIANTE
1013902513,CARNET_U,-pclick2x,ESTUDIANTE
2779951451,PASAPORTE,-jgullberg2y,ESTUDIANTE
4972547936,CEDULA,-pmonkman2z,TRABAJADOR
5909648519,CEDULA,-lbrokenshaw30,TRABAJADOR
2221403606,CEDULA,-imacmaster31,TRABAJADOR
5543940920,PASAPORTE,-ckirgan32,ESTUDIANTE
6997571336,CEDULA,-lbortoli33,PROFESOR
0664514286,CEDULA,-sdreamer34,ESTUDIANTE
4209074764,CEDULA,-aoneile35,ESTUDIANTE
8753370414,PASAPORTE,-livell36,TRABAJADOR
9481462110,PASAPORTE,-caddie37,ESTUDIANTE
6122695580,CEDULA,-rfills38,ESTUDIANTE
7058876045,CARNET_U,-theinlein39,ESTUDIANTE
0327813512,CARNET_U,-mailmer3a,PROFESOR
3609055111,CARNET_U,-fgallihaulk3b,TRABAJADOR
2707074764,PASAPORTE,-chugh3c,TRABAJADOR
5354020638,CARNET_U,-gneeves3d,TRABAJADOR
3410643338,CEDULA,-rtipple3e,TRABAJADOR
2572412152,CEDULA,-gtirrey3f,TRABAJADOR
6222190030,CEDULA,-acrimpe3g,PROFESOR
6101452883,PASAPORTE,-gpinkie3h,TRABAJADOR
6976596658,PASAPORTE,-trands3i,TRABAJADOR
4410403869,CARNET_U,-cborrott3j,ESTUDIANTE
8560703721,CARNET_U,-jlawrenceson3k,TRABAJADOR
5900195775,CARNET_U,-sjoincey3l,TRABAJADOR
7443625588,CEDULA,-dilyukhov3m,TRABAJADOR
6731424722,CARNET_U,-jdale3n,PROFESOR
9632202554,CARNET_U,-akinnon3o,ESTUDIANTE
1307010792,CEDULA,-cantuk3p,TRABAJADOR
3420007809,CARNET_U,-oweston3q,ESTUDIANTE
6860268026,PASAPORTE,-lfrushard3r,TRABAJADOR
1164274570,CEDULA,-pidle3s,TRABAJADOR
6760969235,CEDULA,-jcawson3t,ESTUDIANTE
2182029443,PASAPORTE,-warmour3u,TRABAJADOR
6106959757,CEDULA,-raaronson3v,PROFESOR
0311866182,CARNET_U,-rakers3w,TRABAJADOR
9604574639,CARNET_U,-tjekel3x,PROFESOR
5028171122,CEDULA,-jzecchii3y,PROFESOR
0460568469,CEDULA,-gtweddell3z,ESTUDIANTE
3135912027,PASAPORTE,-tgerrit40,TRABAJADOR
9069524368,PASAPORTE,-zmollene41,ESTUDIANTE
9590482171,CARNET_U,-cshoorbrooke42,PROFESOR
3772634834,CARNET_U,-hchristin43,ESTUDIANTE
9867973615,PASAPORTE,-wgilbride44,TRABAJADOR
5198476552,PASAPORTE,-roates45,ESTUDIANTE
9257640760,CARNET_U,-flavarack46,TRABAJADOR
0240786270,PASAPORTE,-gbrightling47,ESTUDIANTE
2499556285,CARNET_U,-mleadbeater48,PROFESOR
1527865754,CARNET_U,-cwicken49,PROFESOR
4171959373,PASAPORTE,-sjurisch4a,TRABAJADOR
2094358518,CEDULA,-drutherfoord4b,PROFESOR
1993420258,CARNET_U,-dkrol4c,ESTUDIANTE
5345706883,CEDULA,-kstlouis4d,PROFESOR
5609173051,CARNET_U,-gbrecknock4e,PROFESOR
2701382580,CARNET_U,-afirth4f,ESTUDIANTE
9361699326,CEDULA,-ajovicic4g,PROFESOR
0199261768,PASAPORTE,-ghoys4h,TRABAJADOR
4015973097,CARNET_U,-miacomettii4i,TRABAJADOR
7335712602,CEDULA,-cbreeton4j,TRABAJADOR
2255098873,CARNET_U,-mloftus4k,PROFESOR
2440319473,CARNET_U,-ptidball4l,ESTUDIANTE
2717366318,PASAPORTE,-wgisbourn4m,ESTUDIANTE
6321909815,PASAPORTE,-mmckitterick4n,PROFESOR
9669696046,CARNET_U,-kmckinnon4o,PROFESOR
2894402554,PASAPORTE,-ssummerell4p,TRABAJADOR
2074121466,CEDULA,-jklicher4q,TRABAJADOR
2670341292,CEDULA,-arubbens4r,ESTUDIANTE
6260941994,CARNET_U,-lstrewthers4s,PROFESOR
0311714420,CARNET_U,-cswatheridge4t,ESTUDIANTE
3650436973,CARNET_U,-omccawley4u,TRABAJADOR
5296587014,CARNET_U,-rhriinchenko4v,ESTUDIANTE
3923195370,PASAPORTE,-chatrick4w,TRABAJADOR
1423022130,CARNET_U,-ckeinrat4x,ESTUDIANTE
3598030010,PASAPORTE,-hculcheth4y,ESTUDIANTE
7412438425,PASAPORTE,-eivers4z,PROFESOR
2453587706,CARNET_U,-adanbrook50,TRABAJADOR
9697737940,CARNET_U,-gdailey51,ESTUDIANTE
6065969753,PASAPORTE,-mbillingsley52,TRABAJADOR
0165197749,PASAPORTE,-lthurlby53,TRABAJADOR
0884215644,CARNET_U,-rvella54,TRABAJADOR
8652558639,CARNET_U,-ctschursch55,PROFESOR
4094003959,PASAPORTE,-browbury56,ESTUDIANTE
3413003550,CEDULA,-egoddertsf57,ESTUDIANTE
4515073702,CEDULA,-alatch58,TRABAJADOR
0059261943,CARNET_U,-lbriston59,PROFESOR
2689229145,CARNET_U,-vhalewood5a,PROFESOR
1908650648,PASAPORTE,-rworpole5b,PROFESOR
1952612772,CEDULA,-mbrokenshaw5c,ESTUDIANTE
1023435268,PASAPORTE,-srumble5d,PROFESOR
3066914674,CEDULA,-akenworthey5e,TRABAJADOR
1290184887,CARNET_U,-lcastellone5f,TRABAJADOR
1826448942,PASAPORTE,-vofeeney5g,PROFESOR
7462243148,CEDULA,-qcrouch5h,ESTUDIANTE
8308819494,PASAPORTE,-wbleier5i,ESTUDIANTE
9905102590,CARNET_U,-cfookes5j,ESTUDIANTE
4124015151,CEDULA,-walcott5k,PROFESOR
6485523111,PASAPORTE,-hgoalley5l,TRABAJADOR
8885430066,CEDULA,-hjanaszkiewicz5m,PROFESOR
1735654132,CEDULA,-ogorgl5n,PROFESOR
5388163636,CARNET_U,-cspraggs5o,ESTUDIANTE
3097229922,PASAPORTE,-tcheales5p,PROFESOR
9400195036,PASAPORTE,-gpiken5q,TRABAJADOR
8693631071,CARNET_U,-cjackman5r,PROFESOR
1414238827,CEDULA,-clawler5s,ESTUDIANTE
0819861790,CARNET_U,-mstormouth5t,PROFESOR
3226315226,PASAPORTE,-mmenichino5u,ESTUDIANTE
1636649912,CEDULA,-thart5v,TRABAJADOR
7444156298,PASAPORTE,-fcluet5w,PROFESOR
0561297991,CEDULA,-mclynter5x,PROFESOR
8922606231,CARNET_U,-coboyle5y,ESTUDIANTE
5942339430,PASAPORTE,-rhenaughan5z,PROFESOR
0715436791,CARNET_U,-astanion60,ESTUDIANTE
4251325311,CEDULA,-clowes61,ESTUDIANTE
2323080946,CARNET_U,-ctallent62,PROFESOR
7573733011,CEDULA,-wgoldston63,ESTUDIANTE
9218287702,CARNET_U,-gopdenorth64,PROFESOR
5690152854,CEDULA,-msabathe65,ESTUDIANTE
3479775756,CEDULA,-cgillbard66,ESTUDIANTE
8866486396,CARNET_U,-tbuckett67,ESTUDIANTE
6041477877,CEDULA,-ndillicate68,TRABAJADOR
9337779293,CARNET_U,-ddunckley69,TRABAJADOR
3136567242,PASAPORTE,-tmadison6a,ESTUDIANTE
2076316019,CEDULA,-jstede6b,PROFESOR
7192362069,PASAPORTE,-sdoe6c,TRABAJADOR
7727613665,CARNET_U,-candrez6d,TRABAJADOR
5522919108,CARNET_U,-lhouse6e,PROFESOR
2586959140,CARNET_U,-jdislee6f,ESTUDIANTE
3785147716,PASAPORTE,-wmurcott6g,ESTUDIANTE
0595831397,PASAPORTE,-mvanderbrug6h,ESTUDIANTE
1020975695,PASAPORTE,-mricardot6i,PROFESOR
3082056407,CEDULA,-mquade6j,TRABAJADOR
1384487344,PASAPORTE,-cgilkes6k,PROFESOR
0234707909,CEDULA,-jmealiffe6l,TRABAJADOR
1161506160,PASAPORTE,-nlorrimer6m,TRABAJADOR
4924158224,CARNET_U,-ckinnerk6n,ESTUDIANTE
6463656127,CEDULA,-cmcgonigal6o,PROFESOR
6406635159,CEDULA,-dbygott6p,TRABAJADOR
7538743308,CEDULA,-mmatterdace6q,PROFESOR
4147241468,CEDULA,-khunnawill6r,TRABAJADOR
0659963264,PASAPORTE,-asent6s,ESTUDIANTE
9164075028,CARNET_U,-gbromage6t,ESTUDIANTE
8604707565,CEDULA,-kprescott6u,PROFESOR
8511541594,CEDULA,-ggotthardsf6v,TRABAJADOR
3130554882,CARNET_U,-pclayson6w,ESTUDIANTE
3892716757,CARNET_U,-mparadyce6x,PROFESOR
8535140980,PASAPORTE,-mnaptin6y,TRABAJADOR
3610322993,PASAPORTE,-taspel6z,PROFESOR
6402122084,CARNET_U,-crapport70,ESTUDIANTE
0399349944,PASAPORTE,-fcotter71,PROFESOR
4418090398,CARNET_U,-mhordle72,TRABAJADOR
5236937124,CEDULA,-cfruchter73,TRABAJADOR
0414720261,CEDULA,-dwrigglesworth74,PROFESOR
0257369848,CEDULA,-ubrideau75,TRABAJADOR
7528283029,CEDULA,-lhurkett76,TRABAJADOR
6223029462,PASAPORTE,-cevers77,ESTUDIANTE
2889156796,CARNET_U,-tferentz78,ESTUDIANTE
9457656636,CEDULA,-slisle79,TRABAJADOR
2790190526,PASAPORTE,-schesterman7a,TRABAJADOR
6342174342,PASAPORTE,-lcurm7b,ESTUDIANTE
2234926505,PASAPORTE,-tpass7c,PROFESOR
2094440249,CEDULA,-pmithan7d,ESTUDIANTE
7722797857,CARNET_U,-bkempster7e,PROFESOR
2162600641,PASAPORTE,-lsnawdon7f,TRABAJADOR
6068048462,PASAPORTE,-cdalmeida7g,TRABAJADOR
6727150540,CEDULA,-vrennox7h,TRABAJADOR
8020922067,CARNET_U,-ablaske7i,PROFESOR
2023414040,CARNET_U,-hmclelland7j,PROFESOR
7945619037,CARNET_U,-mpereira7k,ESTUDIANTE
7099634186,PASAPORTE,-tvella7l,PROFESOR
3116983577,PASAPORTE,-blorenzin7m,TRABAJADOR
3957035198,CARNET_U,-dnowland7n,PROFESOR
2848266961,CEDULA,-imckerley7o,TRABAJADOR
3454025907,PASAPORTE,-prussan7p,TRABAJADOR
7619890335,CEDULA,-phun7q,TRABAJADOR
0855026022,CARNET_U,-mjouanet7r,TRABAJADOR
4439090737,CARNET_U,-mdoodney7s,ESTUDIANTE
4212532298,CEDULA,-lolding7t,ESTUDIANTE
4544425905,CEDULA,-mhelliker7u,TRABAJADOR
8033188944,PASAPORTE,-cmantione7v,PROFESOR
3143395087,CARNET_U,-cobin7w,TRABAJADOR
4811376765,PASAPORTE,-amccumesky7x,TRABAJADOR
6461071903,PASAPORTE,-acanon7y,ESTUDIANTE
8059520024,CEDULA,-eivashev7z,TRABAJADOR
1341125475,CARNET_U,-bprior80,PROFESOR
7763881682,PASAPORTE,-jrivelon81,PROFESOR
7943204034,PASAPORTE,-smagog82,PROFESOR
0962153095,CARNET_U,-bbenion83,ESTUDIANTE
2711965791,CEDULA,-lserotsky84,PROFESOR
0154416142,CEDULA,-zgosney85,ESTUDIANTE
2423087799,CEDULA,-psnelson86,ESTUDIANTE
9285030009,CARNET_U,-lcanadas87,ESTUDIANTE
7864149030,PASAPORTE,-slitton88,ESTUDIANTE
9295228669,CEDULA,-sgoodlife89,TRABAJADOR
9334270306,CEDULA,-bcamfield8a,PROFESOR
4494379042,CEDULA,-mabbotts8b,ESTUDIANTE
2165749646,CEDULA,-dsuttle8c,ESTUDIANTE
7447657794,PASAPORTE,-swarboys8d,ESTUDIANTE
5402395543,CEDULA,-abryns8e,TRABAJADOR
9818095669,PASAPORTE,-rgeddes8f,ESTUDIANTE
6059283357,CARNET_U,-mbarrus8g,ESTUDIANTE
9364711130,PASAPORTE,-kitshak8h,ESTUDIANTE
1332891608,CARNET_U,-lnaismith8i,PROFESOR
4282050055,PASAPORTE,-cgaskamp8j,TRABAJADOR
7330095079,CEDULA,-pgresly8k,PROFESOR
6038960252,PASAPORTE,-ddarbey8l,TRABAJADOR
2682845525,PASAPORTE,-tmacquaker8m,ESTUDIANTE
1756990700,CEDULA,-mfedynski8n,TRABAJADOR
3917690306,CEDULA,-kswanwick8o,PROFESOR
5864608270,CARNET_U,-vyerrill8p,PROFESOR
3372057139,CARNET_U,-elakin8q,PROFESOR
7658312177,CARNET_U,-pgorrick8r,ESTUDIANTE
9736422054,CEDULA,-ajirek8s,PROFESOR
9576583071,CEDULA,-iharman8t,TRABAJADOR
4038729176,CEDULA,-dreadett8u,ESTUDIANTE
2421658187,PASAPORTE,-mashmole8v,PROFESOR
1174710365,PASAPORTE,-keyree8w,PROFESOR
3340457026,CEDULA,-mgissop8x,ESTUDIANTE
1203166281,CEDULA,-bgateshill8y,PROFESOR
9057480352,CARNET_U,-pambrogioni8z,ESTUDIANTE
9100555495,CEDULA,-aedgell90,ESTUDIANTE
0123750261,PASAPORTE,-ljakubovics91,TRABAJADOR
9695889344,CARNET_U,-rleatham92,TRABAJADOR
5727611539,CARNET_U,-egamble93,ESTUDIANTE
2965108211,PASAPORTE,-bbywater94,ESTUDIANTE
9197212733,CARNET_U,-vbirts95,PROFESOR
6034122082,PASAPORTE,-ehightown96,TRABAJADOR
4408666858,PASAPORTE,-tgaller97,PROFESOR
4930994861,CARNET_U,-yramlot98,TRABAJADOR
3124085752,CARNET_U,-kdriscoll99,TRABAJADOR
4311413157,CEDULA,-jzupone9a,PROFESOR
0264197755,PASAPORTE,-crispen9b,PROFESOR
2698199342,CEDULA,-emacrorie9c,PROFESOR
0562913254,PASAPORTE,-dbenbow9d,TRABAJADOR
5282224658,PASAPORTE,-lgaineofengland9e,TRABAJADOR
9582077816,PASAPORTE,-ealgate9f,TRABAJADOR
6486922141,CARNET_U,-ulovatt9g,ESTUDIANTE
3210367574,CEDULA,-apaul9h,PROFESOR
2557847526,CARNET_U,-eeffaunt9i,TRABAJADOR
2491235234,CARNET_U,-twills9j,ESTUDIANTE
1896876447,CEDULA,-vnormanton9k,TRABAJADOR
7506678659,CEDULA,-sadcocks9l,TRABAJADOR
8832852454,PASAPORTE,-kdjekic9m,TRABAJADOR
9341566339,CARNET_U,-tfortie9n,TRABAJADOR
5918123466,CEDULA,-aflute9o,TRABAJADOR
0859169227,PASAPORTE,-mbretelle9p,ESTUDIANTE
9251978824,CEDULA,-bpidgley9q,TRABAJADOR
4576893327,CEDULA,-lgavan9r,PROFESOR
9890312530,CARNET_U,-gklempke9s,TRABAJADOR
3478518091,CEDULA,-akillingback9t,TRABAJADOR
5718460558,CARNET_U,-syeandel9u,TRABAJADOR
8443695129,PASAPORTE,-pkall9v,PROFESOR
4704968065,CEDULA,-clanchbery9w,ESTUDIANTE
7073051027,CEDULA,-fteape9x,ESTUDIANTE
8484995100,CARNET_U,-roertzen9y,PROFESOR
8754984203,CEDULA,-nmcgown9z,TRABAJADOR
2114739643,CARNET_U,-dreilya0,PROFESOR
9977574189,CARNET_U,-gslingera1,ESTUDIANTE
9692214532,CARNET_U,-ffautlya2,PROFESOR
9600272077,CEDULA,-jgerrya3,TRABAJADOR
9731554068,CEDULA,-igarda4,TRABAJADOR
4428773757,PASAPORTE,-zfilpia5,ESTUDIANTE
6363383234,PASAPORTE,-bclynmansa6,ESTUDIANTE
6340253016,PASAPORTE,-bknaggsa7,PROFESOR
9883719183,CARNET_U,-tbertheleta8,TRABAJADOR
1046733761,CEDULA,-atamburoa9,ESTUDIANTE
3379399558,CEDULA,-fsimmenaa,ESTUDIANTE
1168812577,PASAPORTE,-ptribellab,TRABAJADOR
7641607845,PASAPORTE,-bcrenshawac,ESTUDIANTE
8708046387,PASAPORTE,-acollocottad,TRABAJADOR
5219467611,CARNET_U,-medessae,ESTUDIANTE
7184830458,CARNET_U,-fnortheastaf,TRABAJADOR
2679502477,CEDULA,-mkitteridgeag,TRABAJADOR
7130923369,PASAPORTE,-abarckeah,ESTUDIANTE
3591636290,CARNET_U,-mcraighillai,PROFESOR
1894761782,PASAPORTE,-ddsouzaaj,ESTUDIANTE
4104457450,CEDULA,-pcaillouak,ESTUDIANTE
1389398072,PASAPORTE,-rbeddardal,PROFESOR
7223283890,CARNET_U,-hmcilmorowam,TRABAJADOR
9323794414,PASAPORTE,-blautiean,TRABAJADOR
0936979321,CEDULA,-hrivettao,ESTUDIANTE
9908176986,CEDULA,-bcarffap,TRABAJADOR
6128430023,CARNET_U,-egetshamaq,PROFESOR
5621820339,PASAPORTE,-sbizzeyar,ESTUDIANTE
7444234264,CARNET_U,-kgreenstockas,TRABAJADOR
7797124906,CARNET_U,-eclimsonat,PROFESOR
7685795000,CEDULA,-lyakunkinau,ESTUDIANTE
3031875060,CEDULA,-mporcasav,PROFESOR
1592671713,PASAPORTE,-ddoddrellaw,TRABAJADOR
3116904162,CARNET_U,-fhawsbyax,PROFESOR
8218271988,CEDULA,-cirnisay,ESTUDIANTE
8008903589,CEDULA,-rearleaz,PROFESOR
4530005046,CEDULA,-rwaplintonb0,TRABAJADOR
9827403567,PASAPORTE,-rvalleryb1,PROFESOR
1778411622,PASAPORTE,-dfylanb2,PROFESOR
6546551497,PASAPORTE,-tbaggeb3,PROFESOR
2312244969,CEDULA,-wbahlmannb4,PROFESOR
4538648892,CEDULA,-tcisnerosb5,TRABAJADOR
2871378509,CARNET_U,-otrenamb6,PROFESOR
2900530911,PASAPORTE,-vkepeb7,TRABAJADOR
4255402442,CARNET_U,-osydenhamb8,ESTUDIANTE
9248336809,CARNET_U,-scastellab9,PROFESOR
6120143238,CARNET_U,-ispoltonba,TRABAJADOR
9640962244,CEDULA,-aclaphambb,ESTUDIANTE
3752728469,CEDULA,-wrushforthbc,PROFESOR
5640672293,PASAPORTE,-bmcmurraybd,PROFESOR
1491042176,CARNET_U,-cbollumbe,TRABAJADOR
7922549768,CEDULA,-ekennewaybf,PROFESOR
5368192797,PASAPORTE,-agossanbg,TRABAJADOR
2285900643,PASAPORTE,-alembkebh,TRABAJADOR
1828554650,CEDULA,-mdoblinbi,PROFESOR
3394085631,CARNET_U,-kguidenbj,ESTUDIANTE
3226014862,PASAPORTE,-tbamberbk,ESTUDIANTE
3272145419,CARNET_U,-akeemerbl,PROFESOR
5226560982,CARNET_U,-vdearebm,PROFESOR
0840857934,CEDULA,-dcompstonbn,ESTUDIANTE
5896766416,PASAPORTE,-lreddanbo,TRABAJADOR
5304209311,PASAPORTE,-ndurnobp,TRABAJADOR
1389597814,CARNET_U,-kdilgarnobq,ESTUDIANTE
6639735458,CEDULA,-acarthybr,ESTUDIANTE
1801742308,PASAPORTE,-emccrorybs,PROFESOR
9255922572,CEDULA,-atriebnerbt,TRABAJADOR
5840317098,CEDULA,-alyndbu,ESTUDIANTE
9585926164,CEDULA,-zmccartanbv,PROFESOR
6045065182,PASAPORTE,-ystellibw,ESTUDIANTE
9892066677,CEDULA,-egunthorpebx,PROFESOR
8747014385,CARNET_U,-eashcroftby,PROFESOR
5435353378,CEDULA,-skinworthybz,TRABAJADOR
3562554982,CARNET_U,-mwinfieldc0,ESTUDIANTE
6026148922,CARNET_U,-mginnetyc1,PROFESOR
9301645424,CARNET_U,-ahardacrec2,PROFESOR
3526629242,PASAPORTE,-sbrentonc3,ESTUDIANTE
0656542373,CARNET_U,-minnocentc4,TRABAJADOR
7222479090,CARNET_U,-ggooddayc5,ESTUDIANTE
1471813568,PASAPORTE,-ukirklandc6,TRABAJADOR
5521694080,CARNET_U,-cpobjayc7,PROFESOR
2694537367,PASAPORTE,-sdavittc8,PROFESOR
2337842355,CEDULA,-ebubbearc9,PROFESOR
2700350138,PASAPORTE,-awoollettca,TRABAJADOR
1692500260,PASAPORTE,-vvoycecb,PROFESOR
2693831865,CARNET_U,-fwadlycc,ESTUDIANTE
9046255875,CARNET_U,-achavecd,PROFESOR
1529558611,CARNET_U,-tbrookwoodce,PROFESOR
8214987431,CARNET_U,-bbrendcf,PROFESOR
6122163090,CARNET_U,-htravescg,PROFESOR
6695833834,PASAPORTE,-jduesberrych,TRABAJADOR
6102798295,CARNET_U,-afishlyci,TRABAJADOR
2060872995,CEDULA,-jsplavencj,ESTUDIANTE
0571487424,CARNET_U,-kconnoldck,ESTUDIANTE
3947369883,PASAPORTE,-ijerischcl,ESTUDIANTE
1786804727,PASAPORTE,-vyurmanovevcm,PROFESOR
7267119409,CEDULA,-rwagercn,PROFESOR
0067572839,CEDULA,-sfawloeco,TRABAJADOR
2271363306,CARNET_U,-barendsencp,TRABAJADOR
0117518239,CARNET_U,-ajaycoxcq,TRABAJADOR
5282172267,CARNET_U,-dfuchscr,TRABAJADOR
2315228581,CARNET_U,-cambrosics,PROFESOR
8289793294,CEDULA,-idemangelct,ESTUDIANTE
7277310691,PASAPORTE,-rkimberleycu,PROFESOR
3070390420,CEDULA,-alugsdincv,PROFESOR
5065811938,CEDULA,-bnealycw,PROFESOR
8032371370,PASAPORTE,-dmerdewcx,PROFESOR
3679885091,PASAPORTE,-jfernezcy,PROFESOR
3975879882,CEDULA,-betuckcz,ESTUDIANTE
9868338794,CEDULA,-ksired0,ESTUDIANTE
8909984023,PASAPORTE,-hcastigliod1,ESTUDIANTE
2397315106,PASAPORTE,-afoakesd2,PROFESOR
7601408205,PASAPORTE,-bhattamd3,PROFESOR
4769836872,CARNET_U,-mpickled4,ESTUDIANTE
2116435382,PASAPORTE,-rconachyd5,PROFESOR
0480869987,CARNET_U,-ccorried6,TRABAJADOR
2748373731,PASAPORTE,-givanchenkovd7,TRABAJADOR
9865801159,PASAPORTE,-rmenneard8,TRABAJADOR
9770966533,CARNET_U,-lmcnayd9,ESTUDIANTE
5252488142,PASAPORTE,-amangenotda,ESTUDIANTE
5426281823,CARNET_U,-rneldb,PROFESOR
9316265215,PASAPORTE,-bkoenraaddc,PROFESOR
9705339554,PASAPORTE,-ljohnigandd,PROFESOR
3372421388,PASAPORTE,-karmitagede,ESTUDIANTE
1066004056,CARNET_U,-rcoatedf,PROFESOR
0271897333,CARNET_U,-thaguedg,PROFESOR
5116905713,CEDULA,-ckiesseldh,PROFESOR
6534786133,PASAPORTE,-cclawdi,PROFESOR
6782823837,CEDULA,-agalwaydj,ESTUDIANTE
3585761305,CEDULA,-lrihosekdk,TRABAJADOR
5218204374,CARNET_U,-ldurnelldl,ESTUDIANTE
5418838393,CARNET_U,-kjulliandm,ESTUDIANTE
2383948748,PASAPORTE,-ssherondn,TRABAJADOR
0907714374,PASAPORTE,-plabuschagnedo,PROFESOR
1746222433,PASAPORTE,-bferredp,ESTUDIANTE
2414967455,PASAPORTE,-gfibbitdq,ESTUDIANTE
0247748382,CEDULA,-bburtonshawdr,TRABAJADOR
3659786969,CARNET_U,-dsmittouneds,TRABAJADOR
3394166534,PASAPORTE,-mkaliszewskidt,TRABAJADOR
0090553071,CEDULA,-aseckomdu,PROFESOR
6275495790,CARNET_U,-emoverleydv,ESTUDIANTE
2858550964,PASAPORTE,-ekerswilldw,PROFESOR
0507339827,CEDULA,-bheinedx,PROFESOR
3902771321,CEDULA,-hshaddockdy,ESTUDIANTE
6243900525,CEDULA,-rambrodidz,PROFESOR
7771177727,CARNET_U,-cblumere0,TRABAJADOR
6327437990,PASAPORTE,-etyzacke1,PROFESOR
7385001629,PASAPORTE,-jmortelle2,PROFESOR
9250470274,PASAPORTE,-bmoroneye3,TRABAJADOR
5054816496,CARNET_U,-bjakoviljevice4,TRABAJADOR
1002318335,CEDULA,-bcurrelle5,TRABAJADOR
6269074428,CEDULA,-aspraguee6,TRABAJADOR
1505879418,PASAPORTE,-cziebarte7,TRABAJADOR
0858833107,PASAPORTE,-cbarbiee8,TRABAJADOR
6433601960,CEDULA,-moleahye9,ESTUDIANTE
5829613905,CARNET_U,-rcanlandea,TRABAJADOR
6176746051,PASAPORTE,-ochsteneyeb,ESTUDIANTE
4138958665,CEDULA,-lradbornec,TRABAJADOR
4116438472,CEDULA,-aespinayed,ESTUDIANTE
4311682417,CARNET_U,-afoxcroftee,TRABAJADOR
1458629120,CEDULA,-ccomportef,TRABAJADOR
1152727508,PASAPORTE,-ccorradettieg,ESTUDIANTE
1317247078,CARNET_U,-bfernandezeh,ESTUDIANTE
8458088886,CEDULA,-bgrassinei,ESTUDIANTE
0320560996,CEDULA,-jsommervilleej,ESTUDIANTE
0141159197,PASAPORTE,-btriponek,ESTUDIANTE
4126518088,CARNET_U,-cherkessel,PROFESOR
7892308040,PASAPORTE,-lcoweem,TRABAJADOR
0766781933,CEDULA,-vbrownhallen,PROFESOR
2349980588,CEDULA,-ghaleseo,PROFESOR
0336771134,CEDULA,-msiccombeep,TRABAJADOR
5971763261,CARNET_U,-slemonbyeq,TRABAJADOR
2872912290,CEDULA,-bbiddweller,TRABAJADOR
2095948548,CARNET_U,-hhallutes,TRABAJADOR
9502162285,PASAPORTE,-rtillyet,ESTUDIANTE
6247626738,CARNET_U,-kalejandreeu,PROFESOR
3953255967,CARNET_U,-hthayev,ESTUDIANTE
3922270344,PASAPORTE,-jkirkhamew,TRABAJADOR
3007010233,CEDULA,-cocannonex,TRABAJADOR
1577687493,PASAPORTE,-bhinchamey,TRABAJADOR
7468658188,PASAPORTE,-echettleez,PROFESOR
9730457255,CEDULA,-kknightsf0,TRABAJADOR
7693324003,CEDULA,-tmayzef1,PROFESOR
8335506272,PASAPORTE,-mreicheltf2,PROFESOR
5091207635,CARNET_U,-jquarryf3,PROFESOR
7852324592,PASAPORTE,-hrederf4,ESTUDIANTE
3036186395,PASAPORTE,-jyouseff5,TRABAJADOR
0210276126,PASAPORTE,-ggaythorf6,ESTUDIANTE
8345918204,PASAPORTE,-dbrimicombef7,TRABAJADOR
9916473595,PASAPORTE,-gspeckf8,ESTUDIANTE
9063216688,CEDULA,-rrenderf9,PROFESOR
9906617470,PASAPORTE,-nbennikefa,PROFESOR
8981896518,CEDULA,-ebirkenshawfb,PROFESOR
1841552836,CARNET_U,-msmeethfc,TRABAJADOR
1124276866,PASAPORTE,-dkasbyefd,TRABAJADOR
8954252257,CARNET_U,-gbarthotfe,ESTUDIANTE
7339045627,CEDULA,-mpusillff,PROFESOR
6310638637,PASAPORTE,-tcurraghfg,PROFESOR
8358108605,CEDULA,-sduncombefh,TRABAJADOR
4518277864,PASAPORTE,-cguerrafi,PROFESOR
1217254528,PASAPORTE,-eruskefj,ESTUDIANTE
4563189812,CARNET_U,-gerrettfk,ESTUDIANTE
5857315271,CEDULA,-swhorallfl,ESTUDIANTE
1350882828,CARNET_U,-otybaltfm,TRABAJADOR
5698207518,CARNET_U,-tcovingtonfn,TRABAJADOR
7678420064,PASAPORTE,-ainnotfo,PROFESOR
3863442105,CARNET_U,-pclellandfp,TRABAJADOR
5244653067,PASAPORTE,-adummiganfq,ESTUDIANTE
5506321643,CEDULA,-kbynertfr,PROFESOR
3179563109,CEDULA,-lkomorowskifs,PROFESOR
0974491225,CARNET_U,-emaddockft,ESTUDIANTE
5559743216,CARNET_U,-ctuffreyfu,PROFESOR
4435757427,CARNET_U,-rhushfv,PROFESOR
6978678139,CARNET_U,-kstuckeyfw,ESTUDIANTE
5996879123,CARNET_U,-agwinnfx,PROFESOR
9333379215,PASAPORTE,-dradenfy,ESTUDIANTE
4607493457,CEDULA,-egarawayfz,PROFESOR
7824450392,PASAPORTE,-ldahillg0,PROFESOR
0115768173,CARNET_U,-apetrellog1,ESTUDIANTE
0339741635,CARNET_U,-snoldag2,TRABAJADOR
7275982269,CEDULA,-nfabryg3,TRABAJADOR
5053527970,CARNET_U,-mstruteg4,TRABAJADOR
6576261837,CARNET_U,-ureemang5,PROFESOR
9536127466,PASAPORTE,-eeaglestong6,PROFESOR
2973370760,CARNET_U,-bkerfutg7,TRABAJADOR
0300109792,PASAPORTE,-jlindbergg8,TRABAJADOR
5493339943,CEDULA,-rropsg9,ESTUDIANTE
3970408857,CEDULA,-chuckerga,PROFESOR
0788378880,CEDULA,-vmonshallgb,TRABAJADOR
2692641272,PASAPORTE,-dtownsongc,TRABAJADOR
8431732644,PASAPORTE,-ksegrottgd,TRABAJADOR
7175537506,CEDULA,-dcavenge,TRABAJADOR
0742412636,PASAPORTE,-rtordiffegf,TRABAJADOR
7209367322,CEDULA,-jspiergg,PROFESOR
2795691663,CARNET_U,-lhaszardgh,TRABAJADOR
9896462461,CARNET_U,-oscreechgi,TRABAJADOR
3752263156,CEDULA,-gtaftgj,ESTUDIANTE
5213024262,CEDULA,-gmoreinisgk,ESTUDIANTE
0941368319,PASAPORTE,-esumnergl,ESTUDIANTE
1491587377,PASAPORTE,-jfrillgm,PROFESOR
6335408260,PASAPORTE,-lkellettgn,ESTUDIANTE
3914622717,CARNET_U,-ewengergo,ESTUDIANTE
6182297565,PASAPORTE,-izmitrukgp,PROFESOR
5585984365,CEDULA,-bbifordgq,ESTUDIANTE
6566113762,PASAPORTE,-dwhelptongr,ESTUDIANTE
3528612886,CEDULA,-lensergs,ESTUDIANTE
5912064093,CARNET_U,-syanshonokgt,PROFESOR
6915574948,CARNET_U,-cpignegu,PROFESOR
8420137162,CARNET_U,-badenetgv,ESTUDIANTE
5455386093,CEDULA,-gsweetmoregw,PROFESOR
0034883835,CARNET_U,-aborgnolgx,PROFESOR
7354424943,CARNET_U,-fdefilippigy,PROFESOR
8198903089,PASAPORTE,-hlevinegz,ESTUDIANTE
8252369421,CEDULA,-qthackstonh0,TRABAJADOR
0448120178,CARNET_U,-mfleethamh1,PROFESOR
7936250719,PASAPORTE,-lpachh2,TRABAJADOR
5425805594,CEDULA,-gabrahmerh3,ESTUDIANTE
7218845347,CEDULA,-crayltonh4,PROFESOR
0659411555,CEDULA,-jtorresih5,PROFESOR
1411565231,PASAPORTE,-ndebankeh6,ESTUDIANTE
3974994068,PASAPORTE,-hnehlsenh7,TRABAJADOR
8388177389,CEDULA,-cpachh8,TRABAJADOR
5869333695,CARNET_U,-mbeethamh9,ESTUDIANTE
3969876613,CARNET_U,-jstedallha,ESTUDIANTE
6660165436,CEDULA,-dsweeneyhb,TRABAJADOR
5168549918,CARNET_U,-dkobushc,ESTUDIANTE
3941722514,CARNET_U,-crichthd,PROFESOR
8145899788,CARNET_U,-vwhitlamhe,ESTUDIANTE
8189548263,CARNET_U,-hoclearyhf,TRABAJADOR
3382637596,CEDULA,-ijimmeshg,ESTUDIANTE
1862096244,CEDULA,-frojashh,ESTUDIANTE
9400455275,CARNET_U,-dmeredythhi,ESTUDIANTE
4740219239,PASAPORTE,-dfearshj,PROFESOR
3272542809,PASAPORTE,-mdanielsohnhk,TRABAJADOR
4299057627,CARNET_U,-crobbelhl,PROFESOR
4447454505,CEDULA,-dhugheshm,TRABAJADOR
3035684677,PASAPORTE,-mabellahn,PROFESOR
3698042118,CARNET_U,-cblizardho,PROFESOR
9887872032,CARNET_U,-cpicothp,TRABAJADOR
7826963230,CEDULA,-ashopcotthq,TRABAJADOR
0339641932,CEDULA,-bnickolshr,TRABAJADOR
6182708875,PASAPORTE,-xguerinhs,ESTUDIANTE
4554110303,CEDULA,-dmacgaffeyht,ESTUDIANTE
4923722827,CARNET_U,-hivanchenkovhu,PROFESOR
4270934719,PASAPORTE,-afurberhv,ESTUDIANTE
7072232141,PASAPORTE,-pjermanhw,TRABAJADOR
3037954140,PASAPORTE,-tsoppitthx,ESTUDIANTE
7519542637,PASAPORTE,-bmavenhy,TRABAJADOR
7497525433,PASAPORTE,-pdupreehz,PROFESOR
3853986706,CEDULA,-rcoombsi0,TRABAJADOR
4145367804,PASAPORTE,-roakinfoldi1,TRABAJADOR
1519783175,PASAPORTE,-pwhittucki2,ESTUDIANTE
6300172643,PASAPORTE,-ahecksi3,TRABAJADOR
6595940167,CARNET_U,-ccranmeri4,TRABAJADOR
3095365721,CARNET_U,-dmerrydewi5,ESTUDIANTE
7905709523,CEDULA,-bwordsleyi6,ESTUDIANTE
4579122623,CEDULA,-sdearei7,ESTUDIANTE
0458712434,CARNET_U,-mvettorei8,PROFESOR
6052944641,PASAPORTE,-pcharltoni9,TRABAJADOR
1556514085,CEDULA,-pscotchbourougeia,PROFESOR
4536824596,CARNET_U,-jrochfordib,ESTUDIANTE
2274531943,CARNET_U,-slardgeic,TRABAJADOR
9654456192,CARNET_U,-bgarredid,ESTUDIANTE
1993628630,PASAPORTE,-llapworthie,PROFESOR
0935843078,PASAPORTE,-spepperdif,ESTUDIANTE
3864518180,CEDULA,-chedlestoneig,PROFESOR
8081786228,PASAPORTE,-dsiemianowiczih,PROFESOR
0359222498,CEDULA,-tramardii,ESTUDIANTE
9895111673,PASAPORTE,-fbonaviaij,ESTUDIANTE
3116513589,CEDULA,-arzehorik,PROFESOR
1250744830,CEDULA,-rwandsil,PROFESOR
8089848133,PASAPORTE,-gclardgeim,ESTUDIANTE
5581509565,PASAPORTE,-dbarefordin,TRABAJADOR
6975031266,PASAPORTE,-jharradio,TRABAJADOR
3817672004,CEDULA,-scourtneyip,PROFESOR
0616560036,PASAPORTE,-nmcphillimeyiq,TRABAJADOR
7621903945,PASAPORTE,-srameauxir,TRABAJADOR
3174851661,PASAPORTE,-pturneris,ESTUDIANTE
1537930982,PASAPORTE,-obellengerit,PROFESOR
2592782532,PASAPORTE,-cdiproseiu,TRABAJADOR
2347967460,PASAPORTE,-gmcgruariv,ESTUDIANTE
2098637098,PASAPORTE,-aburkwoodiw,PROFESOR
6097299222,PASAPORTE,-rberrillix,TRABAJADOR
4055878923,CEDULA,-frogieriy,PROFESOR
3133789465,PASAPORTE,-dfebeniz,TRABAJADOR
2858374678,PASAPORTE,-bpeponj0,TRABAJADOR
3138853455,PASAPORTE,-lrydeardj1,TRABAJADOR
1822579775,CARNET_U,-lmunneryj2,TRABAJADOR
4844202693,CARNET_U,-eantonyj3,PROFESOR
8583106517,CEDULA,-deadej4,TRABAJADOR
0466770618,CEDULA,-rfallsj5,ESTUDIANTE
4446419153,CARNET_U,-fgravestonej6,PROFESOR
7021113013,CARNET_U,-flegallej7,PROFESOR
9409109418,CEDULA,-nwoganj8,ESTUDIANTE
1108634605,CEDULA,-cbrennekej9,TRABAJADOR
2878200640,CEDULA,-rharbertsonja,ESTUDIANTE
1667858394,PASAPORTE,-ptippelljb,TRABAJADOR
3245497776,CEDULA,-gsolowayjc,ESTUDIANTE
7190666109,PASAPORTE,-hhudeljd,PROFESOR
3337683258,CARNET_U,-rdelapje,PROFESOR
6261034508,PASAPORTE,-msimcoxjf,ESTUDIANTE
6453533332,CARNET_U,-wculletonjg,TRABAJADOR
2357419431,CARNET_U,-cbridejh,PROFESOR
5831985377,PASAPORTE,-lphilliphsji,ESTUDIANTE
3583402766,PASAPORTE,-malisonjj,TRABAJADOR
2845247818,PASAPORTE,-gfrancescocciojk,ESTUDIANTE
7260506512,CARNET_U,-ldorowjl,ESTUDIANTE
0380179164,PASAPORTE,-fwardlawjm,PROFESOR
1321822839,PASAPORTE,-fyakebowitchjn,PROFESOR
5256547062,PASAPORTE,-dwingeattjo,ESTUDIANTE
4633488031,PASAPORTE,-kbratleyjp,PROFESOR
6981706652,CARNET_U,-tclementsonjq,ESTUDIANTE
3404259335,CEDULA,-alatimerjr,ESTUDIANTE
7195355489,PASAPORTE,-jpitbladdojs,TRABAJADOR
1574018205,CEDULA,-saddessjt,TRABAJADOR
8852160116,CARNET_U,-nevamyju,TRABAJADOR
3897758490,CEDULA,-cmquhargjv,TRABAJADOR
6143043167,CEDULA,-gparamorejw,PROFESOR
8050536440,CEDULA,-cleythleyjx,ESTUDIANTE
3484766646,PASAPORTE,-lmacdonelljy,PROFESOR
4881805002,PASAPORTE,-scomollijz,PROFESOR
2590457685,CEDULA,-ffortunk0,TRABAJADOR
8973760424,CARNET_U,-mbabek1,PROFESOR
6800195715,PASAPORTE,-giamittiik2,PROFESOR
0050192175,CEDULA,-dturnork3,ESTUDIANTE
7910529295,CEDULA,-npollicotek4,ESTUDIANTE
9075316690,PASAPORTE,-hnewellk5,ESTUDIANTE
6138736133,CARNET_U,-dpascallk6,TRABAJADOR
8708900418,CEDULA,-zwashingtonk7,ESTUDIANTE
6648286814,CARNET_U,-rellcockk8,PROFESOR
5435762502,CEDULA,-bmaccardk9,PROFESOR
8903797272,CEDULA,-asemperka,ESTUDIANTE
5700267993,CEDULA,-akmicickikb,ESTUDIANTE
7296001003,CARNET_U,-ltomlinsonkc,PROFESOR
1901245136,CARNET_U,-mterbeckkd,ESTUDIANTE
4893539027,CARNET_U,-sbarstowke,PROFESOR
5404517735,CARNET_U,-hkubikkf,ESTUDIANTE
5223750713,PASAPORTE,-gdobrovskykg,PROFESOR
4436669181,PASAPORTE,-kgladwinkh,TRABAJADOR
0532924533,PASAPORTE,-amonroeki,PROFESOR
1089336497,PASAPORTE,-rcraftkj,TRABAJADOR
8598904945,PASAPORTE,-whorsburghkk,PROFESOR
7814943418,CEDULA,-pmatyashevkl,ESTUDIANTE
7291646731,CEDULA,-gpaschokm,ESTUDIANTE
7102620187,CEDULA,-eduforekn,PROFESOR
9809648146,CARNET_U,-iwetternko,PROFESOR
8546462704,PASAPORTE,-ehobbingkp,TRABAJADOR
8268662247,PASAPORTE,-bsandlandkq,TRABAJADOR
6568464635,PASAPORTE,-mmarquotkr,PROFESOR
0739080555,CARNET_U,-ggeroldoks,PROFESOR
9340280822,CARNET_U,-knotokt,ESTUDIANTE
0357163990,PASAPORTE,-pgontierku,TRABAJADOR
5567204795,CARNET_U,-asivellkv,ESTUDIANTE
3728775487,PASAPORTE,-abaynonkw,ESTUDIANTE
9956981206,PASAPORTE,-kregitzkx,TRABAJADOR
8634912558,CEDULA,-gmachargky,ESTUDIANTE
1782019731,PASAPORTE,-ibuschkz,ESTUDIANTE
2251390790,PASAPORTE,-bkarslakel0,TRABAJADOR
5035159361,CEDULA,-nnovkovicl1,PROFESOR
4298709418,CARNET_U,-cdumbarel2,TRABAJADOR
6221709245,CEDULA,-kogilbyl3,TRABAJADOR
1669628647,CARNET_U,-ckermannesl4,ESTUDIANTE
6404983915,PASAPORTE,-dsumshonl5,PROFESOR
5002359388,CARNET_U,-vcornwalll6,TRABAJADOR
5504831849,CEDULA,-bbodemeaidl7,PROFESOR
7106404497,CEDULA,-ldeeksl8,TRABAJADOR
4902670518,CARNET_U,-wspareyl9,ESTUDIANTE
1058510681,CEDULA,-gmacenellyla,TRABAJADOR
2475120088,CEDULA,-sculverhouselb,ESTUDIANTE
1449575951,CARNET_U,-bsparkslc,PROFESOR
6790921796,PASAPORTE,-sklaffld,TRABAJADOR
4063075648,CEDULA,-baudsleyle,PROFESOR
1689341270,CARNET_U,-mrobertazzilf,TRABAJADOR
0863539564,CARNET_U,-gpumphreylg,TRABAJADOR
3983575145,CARNET_U,-spomerylh,TRABAJADOR
5237077188,CARNET_U,-rawdeli,PROFESOR
7135423925,CEDULA,-hpolglazelj,TRABAJADOR
1530835100,CEDULA,-bwolstenholmelk,ESTUDIANTE
0971909601,PASAPORTE,-daslettll,ESTUDIANTE
8461083482,CARNET_U,-kdriverslm,TRABAJADOR
5138451979,CEDULA,-gworleyln,ESTUDIANTE
8922632429,PASAPORTE,-cgarmonslo,PROFESOR
3192640693,CARNET_U,-svanhallelp,ESTUDIANTE
4360223609,CARNET_U,-mlyttlelq,PROFESOR
2915767971,CEDULA,-jbeacocklr,TRABAJADOR
5110599416,CARNET_U,-hmccurleyls,PROFESOR
0816292663,CARNET_U,-llomislt,PROFESOR
7702181591,CARNET_U,-rbraywoodlu,TRABAJADOR
5673323239,PASAPORTE,-cfozardlv,PROFESOR
8299498031,CARNET_U,-dreyburnlw,TRABAJADOR
4648155785,PASAPORTE,-rlamaslx,ESTUDIANTE
4770839804,PASAPORTE,-ftreleavenly,TRABAJADOR
0739873113,CARNET_U,-couletlz,PROFESOR
1343453453,CEDULA,-cnanom0,PROFESOR
8879722131,PASAPORTE,-sallberrym1,ESTUDIANTE
8555719011,PASAPORTE,-ltraversm2,ESTUDIANTE
4188676086,CARNET_U,-nhulburdm3,PROFESOR
7181833367,CEDULA,-adupeym4,TRABAJADOR
4035180297,PASAPORTE,-hraxworthym5,PROFESOR
7024611332,PASAPORTE,-sthoraldm6,ESTUDIANTE
8415816073,PASAPORTE,-ccharltonm7,ESTUDIANTE
6110508608,CEDULA,-gbellamym8,TRABAJADOR
6437315059,CEDULA,-barpinom9,ESTUDIANTE
1698264259,CEDULA,-rjocelynma,PROFESOR
1555313000,PASAPORTE,-jdaymondmb,PROFESOR
3368991868,CEDULA,-aheimannmc,ESTUDIANTE
3595313798,PASAPORTE,-cbeilbymd,TRABAJADOR
4609433486,CEDULA,-mheaneyme,ESTUDIANTE
1563400324,CARNET_U,-aseivertsenmf,TRABAJADOR
0826403166,PASAPORTE,-amcclementsmg,TRABAJADOR
2387261984,CARNET_U,-ayarntonmh,PROFESOR
2084400872,PASAPORTE,-fcapelenmi,ESTUDIANTE
8231026851,CARNET_U,-jmessruthermj,TRABAJADOR
2243934701,CEDULA,-bpursemk,PROFESOR
4275597249,CARNET_U,-dgeldeardml,ESTUDIANTE
6492959906,PASAPORTE,-jedridgemm,TRABAJADOR
0046039732,CEDULA,-bjanosevicmn,TRABAJADOR
5425306652,CARNET_U,-cgiacomonimo,PROFESOR
1866555782,CARNET_U,-dwilcemp,ESTUDIANTE
0959070303,CARNET_U,-jcoalbranmq,ESTUDIANTE
4748069449,CEDULA,-gfordhammr,ESTUDIANTE
5798023818,PASAPORTE,-chacaudms,ESTUDIANTE
6648954957,CEDULA,-tmandresmt,PROFESOR
8977306086,PASAPORTE,-ehamnetmu,TRABAJADOR
7958436157,PASAPORTE,-ahucmv,ESTUDIANTE
6033138686,CARNET_U,-ddimelowmw,ESTUDIANTE
4835775910,CEDULA,-wcurseymx,TRABAJADOR
9978025286,CEDULA,-bbrontmy,PROFESOR
6120403280,PASAPORTE,-awinstanleymz,TRABAJADOR
0870403338,CARNET_U,-treaveleyn0,ESTUDIANTE
5402157421,CARNET_U,-jweinern1,TRABAJADOR
6861388394,CEDULA,-jheinekingn2,TRABAJADOR
2145176950,CARNET_U,-rshankn3,ESTUDIANTE
3299843311,CEDULA,-seblen4,PROFESOR
0945592612,PASAPORTE,-dcampaignen5,TRABAJADOR
9970609106,CEDULA,-dlorrimern6,ESTUDIANTE
3680482523,CARNET_U,-nassanten7,TRABAJADOR
3241888762,CARNET_U,-oholdforthn8,PROFESOR
1815972467,CEDULA,-atremmeln9,PROFESOR
2071757157,CEDULA,-jbredeena,TRABAJADOR
4942805082,PASAPORTE,-ndambrosionb,TRABAJADOR
8647269012,CEDULA,-bstoffersnc,TRABAJADOR
7832967102,CARNET_U,-pmedgewicknd,ESTUDIANTE
2682163408,PASAPORTE,-gmustardne,PROFESOR
5740988551,CEDULA,-ekempstonnf,PROFESOR
1129534804,CARNET_U,-rfilonng,PROFESOR
2406516628,CEDULA,-nbrealeynh,PROFESOR
7327919945,CARNET_U,-njeromeni,PROFESOR
0192901575,CARNET_U,-mshillingtonnj,TRABAJADOR
8210707574,CEDULA,-mtreppasnk,PROFESOR
8684510380,CARNET_U,-aabramovicinl,ESTUDIANTE
5517713939,CARNET_U,-seliassonnm,TRABAJADOR
9463095764,CARNET_U,-cgodarnn,ESTUDIANTE
8251613906,CEDULA,-umengueno,PROFESOR
8809306538,CEDULA,-doliddynp,ESTUDIANTE
2962463673,CARNET_U,-jloverocknq,ESTUDIANTE
9805116131,CARNET_U,-jhaylocknr,ESTUDIANTE
7588737131,PASAPORTE,-pcruessns,TRABAJADOR
5659087302,CEDULA,-nbohmannt,PROFESOR
6393665688,CARNET_U,-rwinwrightnu,PROFESOR
0768947766,PASAPORTE,-tridennv,PROFESOR
1369000030,PASAPORTE,-sshorternw,PROFESOR
9174481827,PASAPORTE,-etollenx,TRABAJADOR
7357982823,CARNET_U,-wmossomny,PROFESOR
0509149294,PASAPORTE,-apawelskinz,TRABAJADOR
1296641805,CARNET_U,-mstitleo0,ESTUDIANTE
2070163679,CARNET_U,-fredgateo1,PROFESOR
3098796022,PASAPORTE,-elillymano2,TRABAJADOR
8221893692,CEDULA,-amilmoo3,ESTUDIANTE
9647885911,PASAPORTE,-mbremleyo4,PROFESOR
0647050242,CARNET_U,-heckersleyo5,ESTUDIANTE
1253406138,CEDULA,-aflighto6,TRABAJADOR
8898597614,CARNET_U,-mgrayshono7,ESTUDIANTE
5207951122,CEDULA,-roxendeno8,TRABAJADOR
2122881879,CEDULA,-nsallingero9,ESTUDIANTE
7479648758,CARNET_U,-fdoeoa,TRABAJADOR
5643869152,CARNET_U,-aswayteob,ESTUDIANTE
1676569499,CARNET_U,-ldessentoc,PROFESOR
1748515071,CEDULA,-wmcmeartyod,TRABAJADOR
3918314359,CEDULA,-drihosekoe,PROFESOR
7330110132,CARNET_U,-swoodfieldof,ESTUDIANTE
2441710850,CARNET_U,-hhumpheryog,ESTUDIANTE
2206024969,CEDULA,-cjurewiczoh,ESTUDIANTE
3511686911,CARNET_U,-sgivesoi,TRABAJADOR
3356325418,PASAPORTE,-gjosifovicoj,ESTUDIANTE
1128738546,CARNET_U,-surchok,TRABAJADOR
1037139984,CEDULA,-egrowyol,PROFESOR
8506628474,PASAPORTE,-sbangleyom,PROFESOR
5342257670,CARNET_U,-nfilleryon,PROFESOR
8139325457,CEDULA,-amattamoo,TRABAJADOR
1858017602,PASAPORTE,-vcarhartop,TRABAJADOR
0051013711,CEDULA,-fstilliardoq,PROFESOR
7500038437,CEDULA,-vthechamor,ESTUDIANTE
5830543001,PASAPORTE,-jcolquittos,TRABAJADOR
5994918490,CEDULA,-lcolcloughot,TRABAJADOR
3007319099,CARNET_U,-dcavillou,TRABAJADOR
3571834623,CARNET_U,-acomeliniov,TRABAJADOR
6977604050,CARNET_U,-qmcginnellow,ESTUDIANTE
9751268478,CEDULA,-tmquhargox,TRABAJADOR
5063936008,CEDULA,-dkuhnkeoy,TRABAJADOR
1045693804,CEDULA,-cdollardoz,ESTUDIANTE
8214193370,CARNET_U,-bblameyp0,PROFESOR
5615694181,PASAPORTE,-mbanasikp1,PROFESOR
0652808883,CEDULA,-mshivlinp2,ESTUDIANTE
9026264372,CARNET_U,-cscudderp3,ESTUDIANTE
5550191547,CEDULA,-vbearcroftp4,PROFESOR
0038587998,CEDULA,-kpanksp5,TRABAJADOR
5555030096,CEDULA,-adurbanp6,ESTUDIANTE
0588770787,CARNET_U,-rbarcap7,TRABAJADOR
9534438294,CARNET_U,-iclaissep8,PROFESOR
9393607133,PASAPORTE,-pconrep9,ESTUDIANTE
4640668147,CARNET_U,-rschiesterlpa,TRABAJADOR
9255232673,CARNET_U,-gkendredpb,PROFESOR
5746398977,CARNET_U,-lpashbeepc,ESTUDIANTE
1731393474,PASAPORTE,-ctillertonpd,ESTUDIANTE
9691497689,CARNET_U,-gstangroompe,TRABAJADOR
4415145566,PASAPORTE,-achurchleypf,ESTUDIANTE
1400154189,PASAPORTE,-asiebertpg,TRABAJADOR
4303882682,CARNET_U,-ghatcliffeph,PROFESOR
7403383494,CEDULA,-nashenhurstpi,TRABAJADOR
6546877333,CARNET_U,-sbrakewellpj,TRABAJADOR
0926688405,PASAPORTE,-cdewickepk,ESTUDIANTE
7840598242,CARNET_U,-atreffrypl,TRABAJADOR
3151015468,PASAPORTE,-lvasyaninpm,ESTUDIANTE
9451782206,CEDULA,-gbannermanpn,ESTUDIANTE
2108075291,CARNET_U,-sserjeantpo,ESTUDIANTE
1754522580,CEDULA,-nmeardonpp,PROFESOR
3676456467,CEDULA,-twhyberdpq,TRABAJADOR
3668978794,PASAPORTE,-lalejandripr,TRABAJADOR
0945854773,CARNET_U,-bstronoughps,ESTUDIANTE
3130075917,CEDULA,-qburderpt,PROFESOR
5451363145,PASAPORTE,-tdifrancescopu,TRABAJADOR
9013934706,CEDULA,-bfranzottopv,TRABAJADOR
5069161903,PASAPORTE,-smathewsonpw,PROFESOR
4681807079,CARNET_U,-gflecknellpx,PROFESOR
4420305924,CEDULA,-abreinlpy,ESTUDIANTE
3712733178,PASAPORTE,-mdoggpz,TRABAJADOR
4117198742,PASAPORTE,-kmaypoleq0,TRABAJADOR
8900952315,CEDULA,-arossinq1,ESTUDIANTE
1426521545,CEDULA,-gneedhamq2,PROFESOR
9986307775,CEDULA,-balvinq3,ESTUDIANTE
3662804980,PASAPORTE,-handrzejczakq4,ESTUDIANTE
5005569499,PASAPORTE,-ichaudretq5,ESTUDIANTE
5762646300,CEDULA,-ngrishmanovq6,TRABAJADOR
0931726808,PASAPORTE,-gdavionq7,ESTUDIANTE
4411578735,CEDULA,-lbrockwellq8,PROFESOR
6351320720,CEDULA,-dharnorq9,TRABAJADOR
2892125057,CEDULA,-hwhitmanqa,ESTUDIANTE
0019872631,CARNET_U,-rlashamqb,TRABAJADOR
2384575376,PASAPORTE,-jtorpieqc,ESTUDIANTE
2722566753,CEDULA,-hherleyqd,PROFESOR
6339497969,PASAPORTE,-bnalderqe,PROFESOR
6246574858,CEDULA,-bmacgeffenqf,ESTUDIANTE
2529732809,CARNET_U,-rflyeqg,ESTUDIANTE
7556886034,CARNET_U,-lmaskellqh,PROFESOR
8540870231,CEDULA,-gstygallqi,TRABAJADOR
7140347239,CEDULA,-wcribbottqj,ESTUDIANTE
4388330809,CEDULA,-tsarjentqk,TRABAJADOR
1268018279,PASAPORTE,-wsalazarql,PROFESOR
0653772386,CEDULA,-flesieurqm,TRABAJADOR
4204261736,PASAPORTE,-ewindibankqn,TRABAJADOR
3245820623,PASAPORTE,-gbluschkeqo,ESTUDIANTE
9209032705,CEDULA,-cbroadfootqp,TRABAJADOR
8642007915,CEDULA,-dbrewertonqq,ESTUDIANTE
2928262504,CARNET_U,-ecapstaffqr,TRABAJADOR
2553500335,CARNET_U,-rodoghertyqs,ESTUDIANTE
8276361080,CARNET_U,-emoirqt,TRABAJADOR
4888558965,CARNET_U,-tspandleyqu,ESTUDIANTE
1839701617,PASAPORTE,-gsmallpieceqv,TRABAJADOR
3081844576,CARNET_U,-ppruvostqw,TRABAJADOR
8368808030,CARNET_U,-cwhetsonqx,ESTUDIANTE
8172506570,PASAPORTE,-efrankowskiqy,TRABAJADOR
5987661048,CEDULA,-gstorerqz,ESTUDIANTE
3710326044,CEDULA,-rszanthor0,ESTUDIANTE
1122679432,CARNET_U,-ecrebottr1,TRABAJADOR
3304275827,PASAPORTE,-epotzoldr2,PROFESOR
1746397497,CARNET_U,-rblackstoner3,PROFESOR
7546999030,CARNET_U,-kvannuccir4,TRABAJADOR
4476953646,CARNET_U,-bbrotherheedr5,ESTUDIANTE
8572405097,CARNET_U,-warmatidger6,PROFESOR
1265523762,PASAPORTE,-kstonefewingsr7,TRABAJADOR
3890629407,CEDULA,-briseboroughr8,ESTUDIANTE
0090492625,CARNET_U,-rfellneer9,PROFESOR
4201400468,CEDULA,-rstertra,TRABAJADOR
7254452902,CEDULA,-mtrehearnerb,PROFESOR
7711988036,PASAPORTE,-abourgourrc,TRABAJADOR
7706787605,CEDULA,-vgamerd,ESTUDIANTE
1136328920,CEDULA,-nmityushinre,TRABAJADOR
2708075365,CARNET_U,-roconcannonrf,TRABAJADOR
1545201765,PASAPORTE,-mgrollerg,ESTUDIANTE
5935675382,CEDULA,-ehansellrh,TRABAJADOR
8180150399,CEDULA,-lmichurinri,TRABAJADOR
2436753962,CEDULA,-fzorenrj,PROFESOR
7610293733,PASAPORTE,-spoynzerrk,TRABAJADOR
8188284734,CEDULA,-kdantonirl,ESTUDIANTE
5412645046,CARNET_U,-atraytonrm,PROFESOR
8123550251,CARNET_U,-mrosenthalerrn,ESTUDIANTE
0441331173,CARNET_U,-abladenro,ESTUDIANTE
5380165400,CARNET_U,-tblasiorp,TRABAJADOR
3647664979,CARNET_U,-nbeckerrq,PROFESOR
2135707309,CEDULA,-ntolemacherr,PROFESOR
